experiment,map_id,seed,apf_valid,ral_valid,delta_runtime,delta_length,delta_turning,delta_clearance
fixed,S1,1000,1,1,0.42905688799999103,-43.371559887986905,-0.004563315316055597,3.278416665918762
fixed,S1,1001,1,1,0.7847386579999238,54.65284194900369,0.0197590787632543,0.7508068724319938
fixed,S1,1002,1,1,0.46651913000016526,-59.96315385493335,-0.027854620381826997,1.8755935930620051
fixed,S1,1003,1,1,0.47953294200010543,78.31907134293942,-0.003894580296862994,0.838812773848836
fixed,S1,1004,1,1,0.5087952510000378,5.267783921202181,0.00041515418008299804,0.20915866907982839
fixed,S1,1005,1,1,0.46881307900002867,12.569008824518733,0.004403721276889403,1.304878072256283
fixed,S1,1006,1,1,0.4789959740000995,3.2922204815336045,0.022523221072962098,-0.37567741700494395
fixed,S1,1007,1,1,0.320038615000044,-7.413043403234951,0.013580800175346103,0.16096056001013714
fixed,S1,1008,1,1,0.4524978819999888,-8.701712618531928,0.0025643231532757986,-3.9377690733582096
fixed,S1,1009,1,1,0.5560866560000478,-10.363589858838395,0.00043658236312549975,-0.18234571074449768
fixed,S1,1010,1,1,0.3042500380000775,-7.849822649598309,0.016486114846528,-0.27968592018494043
fixed,S1,1011,1,1,0.5653744899998401,-58.96667449661413,-0.0019089999246611963,0.28616134732918175
fixed,S1,1012,1,1,0.557827341999996,34.689148691911896,9.108458682099974e-05,2.4489056885826646
fixed,S1,1013,1,1,0.33611498599987044,-46.729760049588776,0.010054566842566302,-2.643539995569185
fixed,S1,1014,1,1,0.4616941400000769,-6.35463848306631,0.0095752728762349,1.074490632180332
fixed,S1,1015,1,1,0.4254775610002071,-20.553240078575755,0.0200167207337302,-0.6443366067050293
fixed,S1,1016,1,1,0.3693878299999369,51.92510614612229,0.0128591930817454,0.2217129436654024
fixed,S1,1017,1,1,0.5376120449998326,17.198850452891293,-0.014542267526415003,0.7021724107182159
fixed,S1,1018,1,1,0.2525629639999352,-83.18561174479123,-0.004322900757074304,2.2396046743265874
fixed,S1,1019,1,1,0.5745990610000717,-6.243209353079465,0.0011065499321658012,-3.8721554895105843
fixed,S2,1000,1,1,0.6106453320001038,-12.794272375253513,-0.000663353475129299,1.2152052639982855
fixed,S2,1001,1,1,0.7752558450000606,10.857667378879455,-0.007062748723819397,1.649696257497796
fixed,S2,1002,0,1,-0.1962561419999247,,,
fixed,S2,1003,1,1,0.5049566409999215,-27.762354367832813,-0.006589848556721095,-1.1676427792701427
fixed,S2,1004,1,1,1.0342210609999258,118.4065832413769,0.005441442821362701,2.2370722193415524
fixed,S2,1005,1,1,0.3273043909999842,-22.610238075297502,-0.0012073217795709953,0.7931515854606968
fixed,S2,1006,1,1,0.6248067259998606,3.050694100512601,-0.0047825514506106,0.11296991821708957
fixed,S2,1007,1,1,2.5450715800000125,85.90792994526828,0.005852143621324499,1.5367748776541852
fixed,S2,1008,1,1,1.0961440209999864,-54.16575430671014,0.015541578527762799,-0.5836057605735441
fixed,S2,1009,1,1,0.39795072799984155,-9.740085451281175,0.006901372874258502,0.0
fixed,S2,1010,1,1,0.554739148000067,-43.14112757243197,-0.0073335972469959,0.6767143518707446
fixed,S2,1011,1,1,1.3417132609998816,106.78884029947585,0.018439506378567103,-1.6714704637827058
fixed,S2,1012,1,1,0.6764298600000984,45.35367785841663,0.0009131055746890993,-1.3912147608546745
fixed,S2,1013,1,1,1.0684835429999566,7.701833568744632,0.002521717008040901,0.13744744800339603
fixed,S2,1014,1,1,0.48439859999996315,-26.577089253025747,-0.008359822720409003,-2.2209378112341973
fixed,S2,1015,1,1,1.5323025820000566,14.12877805291464,-0.0017936990382820019,-2.1274412340996154
fixed,S2,1016,1,1,0.4584514890000264,-54.95644610347472,-0.011862134774234298,-0.6613275047772175
fixed,S2,1017,1,1,0.37036129999967216,-71.20751567209322,-0.031121791598456097,0.3494929336823738
fixed,S2,1018,1,1,0.9235237210000378,-1.5916376035115718,-0.0035667157696613015,0.9633774660212047
fixed,S2,1019,1,1,0.28321298600008055,-57.490515276112774,-0.0021501430409509997,0.0
fixed,S3,1000,1,1,0.036412975999951414,18.19919108454792,0.019652989187821,-0.45148391570959845
fixed,S3,1001,1,1,0.7742204770000853,11.406705104432945,0.006197346186183301,-1.5557729544722
fixed,S3,1002,1,1,1.1236369790000253,8.681038824863663,0.004659212044213799,1.1540602474479553
fixed,S3,1003,1,1,0.8165776999999252,-0.34083649192109533,0.0006748483388489025,1.2771624426339014
fixed,S3,1004,1,1,0.3438899489999585,23.065840017226947,0.0079352168878291,0.916737058446893
fixed,S3,1005,1,1,0.803823589999979,-4.7512451202784405,0.012984235887447005,-1.3128828629682372
fixed,S3,1006,1,1,0.720119727999986,-3.0644225971236665,0.0037817560742696987,-0.6846687548385884
fixed,S3,1007,0,0,1.2284883699999227,,,
fixed,S3,1008,0,1,0.7413661409999577,,,
fixed,S3,1009,1,1,1.267809181999837,87.74013651497353,0.012285758356908101,0.5928534064261837
fixed,S3,1010,1,1,0.3399480869998115,36.54999416678447,0.0142166685023003,-4.191698822389615
fixed,S3,1011,0,0,0.8993667720000076,,,
fixed,S3,1012,1,1,0.6386541260000058,135.16689554243885,0.0320097325077532,-1.3117270116751776
fixed,S3,1013,1,1,0.031229457999870702,26.165009609747358,0.0254009265252938,-1.0334824489786225
fixed,S3,1014,0,1,0.5334122359998901,,,
fixed,S3,1015,1,1,0.720715616999769,8.275573890009241,-0.014803958627223897,7.889953354006517
fixed,S3,1016,1,1,0.39357228499989105,24.98617824604173,0.0084320740965775,0.11288148159438194
fixed,S3,1017,1,1,0.41020744599995856,29.4665242789265,0.014382825910455102,2.3409506135487135
fixed,S3,1018,1,1,0.7015038490001189,79.65729911189442,0.008940717080059703,2.7984165630722515
fixed,S3,1019,0,1,0.37861961699979935,,,
fixed,S4,1000,1,1,0.2645085949999384,-26.02957513488502,-0.004621271198603703,-0.2188134838553566
fixed,S4,1001,1,1,0.2806829009999774,-5.306247552701279,-0.0006140468547924001,1.0340350634990187
fixed,S4,1002,1,1,0.2363642510000546,-56.21107923891179,-0.0102207066331287,1.0466796939426783
fixed,S4,1003,1,1,0.26323134899996614,5.665552397119768,0.014764370936529398,1.893549456262761
fixed,S4,1004,1,1,0.29372707999982595,33.196265452918055,0.020342232166092,0.23345530478763954
fixed,S4,1005,1,1,0.274697718000084,16.02277608437521,-0.0004093096922172003,-3.2278650146937764
fixed,S4,1006,1,1,0.23409240499984213,-5.472588466274601,-0.011287211552814801,0.31737758621580525
fixed,S4,1007,1,1,0.22789390899993123,-9.454112658875374,0.0010866821881458013,0.7314829503489619
fixed,S4,1008,1,1,0.262395338000033,-10.333630452218244,0.0033263203242826014,-0.08787232563144443
fixed,S4,1009,1,1,0.2871808150000561,-48.69721430789036,-0.0065592152696855015,2.2054586579553543
fixed,S4,1010,1,1,0.3712549830000853,-0.5532358648177933,-0.011320438627213299,0.28819859616782395
fixed,S4,1011,1,1,0.20818652399975687,1.8865491300412032,-0.0044017263344788005,-2.668288611247227
fixed,S4,1012,1,1,0.26359903500008386,30.66480213576517,0.0072929462445018006,2.4973859818463215
fixed,S4,1013,1,1,0.259365548999881,6.714105748292809,0.022720267428840802,-2.6936145030884973
fixed,S4,1014,1,1,0.30841022799995704,-25.204713690645576,-0.0054520418396653,0.3603662950302535
fixed,S4,1015,1,1,0.30957336999983914,-51.10505767564314,-0.0024308421554155996,0.07535466609518693
fixed,S4,1016,1,1,0.2355332009998392,-6.226990974049954,-0.0023547450110983983,-1.8142532608681279
fixed,S4,1017,1,1,0.2452735839999604,-9.129430782634813,0.009462907991529702,-3.8011747163280996
fixed,S4,1018,1,1,0.2993716389999008,-76.22957897062349,-0.0250314837810601,0.13906986044072772
fixed,S4,1019,1,1,0.2494692469999791,-30.764080593664062,0.0112897141098652,-2.590095085835422
random,D1_50000,8000,1,1,0.27730656899984746,-12.794320213421202,-0.0021320958831312978,1.8536914372559892
random,D1_50001,8001,1,1,0.21133061000000453,-17.728222631077188,-0.007469856132584399,-3.239430893350356
random,D1_50002,8002,1,1,0.389805920000299,-41.49823771134402,-0.006170847530763501,0.5892697236575302
random,D1_50003,8003,1,1,0.3038627549999547,-28.730848178367864,0.00011034774796209873,2.292625401598059
random,D1_50004,8004,1,1,0.2878049420003208,14.356309064515813,0.013819125608962698,0.0724515932179699
random,D1_50005,8005,1,1,0.3349318470000071,-0.7695182153233873,-0.002762572444267898,0.419495484599524
random,D1_50006,8006,1,1,0.330193546999908,-18.97622226802855,-0.0088556351395519,-1.849135820804296
random,D1_50007,8007,1,1,0.3476103299994975,-18.077864688965178,0.019230434069750703,-1.0350662928576142
random,D1_50008,8008,1,1,0.345948043000135,-14.643755544012834,0.006998850168512798,-1.8481551625926365
random,D1_50009,8009,1,1,0.2898135729999467,-11.868870440730007,0.0014390857188945998,-1.9497785718289329
random,D1_50010,8010,1,1,0.3534709160001057,-3.7259155581468804,-0.0009483918554885999,-6.0762605831283025
random,D1_50011,8011,1,1,0.29201329200009235,-37.82819183993172,0.0005903358423026001,1.6158923799183675
random,D1_50012,8012,1,1,0.2649313870001606,25.727446849458147,0.0085666089817701,0.7028819265569233
random,D1_50013,8013,1,1,0.34999114000015646,21.703178931811635,0.0121284499776462,1.37272903005721
random,D1_50014,8014,1,1,0.30615677100013283,-35.52695136085538,-0.003943932280992199,0.18487639264073152
random,D2_51000,8000,1,1,0.4398672369998167,48.724073028606995,0.0108650286856685,2.249061002220614
random,D2_51001,8001,1,1,0.3501870240002063,-9.667351720043598,0.0005497261945611003,-0.1732624564173051
random,D2_51002,8002,1,1,0.3002373269996497,-23.48010799338033,0.011645021860320803,0.3979488320379936
random,D2_51003,8003,1,1,0.3950406699998439,24.054167439541516,0.0289276941090598,0.33123642181368984
random,D2_51004,8004,1,1,0.2858894099999816,-76.3379237544176,-0.015977232659116197,-2.4315376673677194
random,D2_51005,8005,1,1,0.41866684500041634,0.4080345943566499,-0.008801798696763799,-3.9140167132044468
random,D2_51006,8006,1,1,0.4508654649998789,-31.4074927350066,-0.005819856155878301,5.260966322542831
random,D2_51007,8007,1,1,0.43380031800029434,-25.098789222012897,-0.022648511986119998,1.2283070396457205
random,D2_51008,8008,1,1,0.2917609159999302,11.385237298532388,0.015631801431252503,-0.21179549859970592
random,D2_51009,8009,1,1,0.410585753000305,4.829308375116966,0.004401280554766499,-0.618378936093599
random,D2_51010,8010,1,1,0.6238817680002741,-42.94568890748121,-0.0281507544146067,-1.0177933955198153
random,D2_51011,8011,1,1,0.4014133060002223,-0.47190991613933875,0.0396575449905342,-2.0211307372832508
random,D2_51012,8012,1,1,0.4492832719997751,70.4755092602652,0.027289758198611597,-2.2990622197620247
random,D2_51013,8013,1,1,0.367011421000143,0.11614054490337367,0.004681515516071499,-0.24878815405667232
random,D2_51014,8014,1,1,0.39951930999995966,-52.49540062273297,-0.023105840439868203,0.2789417547241566
random,D3_52000,8000,1,1,0.5525533449999784,-33.49913095592376,-0.0050130000146449,-0.22759857482547124
random,D3_52001,8001,1,1,0.4031997810000121,27.796587762458216,0.0338912281576482,-0.45907639862595684
random,D3_52002,8002,1,1,0.6580539009999029,-12.9292377248795,-0.016137149142183005,1.2320425949864937
random,D3_52003,8003,1,1,0.3367992819999018,-70.93369357152551,-0.020855054068127602,0.45772216748860484
random,D3_52004,8004,1,1,0.40377814399971623,-7.718869172123959,-0.0084943858783747,0.8493277664018901
random,D3_52005,8005,1,1,0.3942189569995663,-3.4483729583923832,0.005785600117372501,0.05143653883670796
random,D3_52006,8006,1,1,0.35198424899999736,-23.299934996516072,0.006062411273529595,-3.3355278991063635
random,D3_52007,8007,1,1,0.4007133839998005,-46.48030905517669,-0.011706596961247602,-0.795950340207627
random,D3_52008,8008,1,1,0.5704567300003873,-6.2237332366750024,0.012013864497080001,0.5333877979572677
random,D3_52009,8009,1,1,0.43461288100002093,-11.213717002185831,-0.0002865520431243017,-2.130611629908387
random,D3_52010,8010,1,1,0.6007613480001055,7.117185687978576,-0.00015021268591090126,-0.13736859289116055
random,D3_52011,8011,1,1,0.43669859700025887,-3.5606920797308703,0.0137682245051283,-2.9168730677170274
random,D3_52012,8012,1,1,0.5209753919998548,-41.76129625878684,-0.017937844996709498,-0.9730550028020932
random,D3_52013,8013,1,1,0.4548293159998594,1.776322732965582,-0.013360256077176499,1.8785361936193898
random,D3_52014,8014,1,1,0.4963634779999211,-5.469402450393204,0.000409991606090801,0.018531597546225242
random,Narrow_53000,8000,0,1,0.7230256250002183,,,
random,Narrow_53001,8001,0,1,0.8081870369999251,,,
random,Narrow_53002,8002,1,1,0.3714326750002783,20.797139544653874,-0.0021709581561250996,-0.6486452168996379
random,Narrow_53003,8003,0,0,1.3198013799999444,,,
random,Narrow_53004,8004,0,1,0.5810696360003931,,,
random,Narrow_53005,8005,0,0,1.1287227519997032,,,
random,Narrow_53006,8006,0,1,1.2787404629996217,,,
random,Narrow_53007,8007,0,0,1.0423657979999916,,,
random,Narrow_53008,8008,0,1,0.5865415229998234,,,
random,Narrow_53009,8009,0,1,0.1753414060001433,,,
random,Narrow_53010,8010,0,0,1.1884941969997271,,,
random,Narrow_53011,8011,0,1,0.6999605150001571,,,
random,Narrow_53012,8012,0,0,1.2199520189999475,,,
random,Narrow_53013,8013,0,0,1.0418452330000036,,,
random,Narrow_53014,8014,0,1,0.4860057700000198,,,
