valid,complete,collision_free,runtime,mean_path_length,turning_angle,curvature_proxy,min_clearance,mean_node_count,failure_reason,samples,expanded_nodes,collision_checks,validator_calls,apf_calls,lookahead_trials,map_id,algorithm,M,H,seed,validator_version,scenario_hash
1,1,1,0.1708676700000069,1060.4594496925702,0.036864668505466415,0.0024576445670310937,0.3330897052247739,92.33333333333333,,1530,174,2647,34,884,773,S1,RALMultiRRT,1,1,12000,exact_geometry_v2,dfb22a54f1bd12560c7dc3c99ac7ee01636d2061e8bb15cba993a23677934b95
1,1,1,0.19532326200032912,1061.918048078797,0.021924784410763124,0.001461652294050875,1.819164291913161,91.33333333333333,,2040,192,2811,35,969,834,S1,RALMultiRRT,1,1,12001,exact_geometry_v2,dfb22a54f1bd12560c7dc3c99ac7ee01636d2061e8bb15cba993a23677934b95
1,1,1,0.16581008799971642,1081.050117283593,0.03672184149097482,0.002448122766064988,1.4317803243452492,94.33333333333333,,1632,167,2561,33,833,718,S1,RALMultiRRT,1,1,12002,exact_geometry_v2,dfb22a54f1bd12560c7dc3c99ac7ee01636d2061e8bb15cba993a23677934b95
1,1,1,0.2938938350000626,1047.878363534419,0.026806625444952065,0.0017871083629968046,2.2013014239289106,90.66666666666667,,1245,155,3631,37,2182,1284,S1,RALMultiRRT,2,2,12000,exact_geometry_v2,dfb22a54f1bd12560c7dc3c99ac7ee01636d2061e8bb15cba993a23677934b95
1,1,1,0.506778015000009,1059.0268908220141,0.02907601210207761,0.001938400806805174,1.9331290525967475,92.0,,3213,209,5415,30,3437,2158,S1,RALMultiRRT,2,2,12001,exact_geometry_v2,dfb22a54f1bd12560c7dc3c99ac7ee01636d2061e8bb15cba993a23677934b95
1,1,1,0.4591879409997546,1178.8620878765066,0.04927091922925813,0.0032847279486172085,5.1793770753947115,102.33333333333333,,2893,243,5548,45,3344,2034,S1,RALMultiRRT,2,2,12002,exact_geometry_v2,dfb22a54f1bd12560c7dc3c99ac7ee01636d2061e8bb15cba993a23677934b95
1,1,1,0.6272741060001863,1052.0971709345806,0.03254602484582853,0.0021697349897219016,3.791845004088824,90.33333333333333,,2187,177,6799,30,5432,3372,S1,RALMultiRRT,4,2,12000,exact_geometry_v2,dfb22a54f1bd12560c7dc3c99ac7ee01636d2061e8bb15cba993a23677934b95
1,1,1,0.6332079199999043,1119.011761197712,0.04405856004129564,0.002937237336086376,0.48725847139809986,97.66666666666667,,2448,192,6822,41,5695,3564,S1,RALMultiRRT,4,2,12001,exact_geometry_v2,dfb22a54f1bd12560c7dc3c99ac7ee01636d2061e8bb15cba993a23677934b95
0,0,0,0.8819961460001196,,,,,,iteration_budget,3801,252,8807,23,7470,4596,S1,RALMultiRRT,4,2,12002,exact_geometry_v2,dfb22a54f1bd12560c7dc3c99ac7ee01636d2061e8bb15cba993a23677934b95
0,0,0,2.053872579999961,,,,,,iteration_budget,4761,254,18627,29,21381,10864,S1,RALMultiRRT,8,3,12000,exact_geometry_v2,dfb22a54f1bd12560c7dc3c99ac7ee01636d2061e8bb15cba993a23677934b95
1,1,1,1.4821352929998284,1116.0115499126953,0.058867196590619696,0.003924479772707979,0.8748971822054816,97.0,,2145,209,14472,38,14310,6992,S1,RALMultiRRT,8,3,12001,exact_geometry_v2,dfb22a54f1bd12560c7dc3c99ac7ee01636d2061e8bb15cba993a23677934b95
1,1,1,1.233727521999981,1026.2009511647245,0.029281218291963576,0.0019520812194642383,0.46440468104001553,89.0,,2046,176,12338,34,12295,6000,S1,RALMultiRRT,8,3,12002,exact_geometry_v2,dfb22a54f1bd12560c7dc3c99ac7ee01636d2061e8bb15cba993a23677934b95
0,0,0,2.5290685129998565,,,,,,iteration_budget,3234,239,23280,26,25263,13992,S1,RALMultiRRT,12,3,12000,exact_geometry_v2,dfb22a54f1bd12560c7dc3c99ac7ee01636d2061e8bb15cba993a23677934b95
0,0,0,2.1069144279997545,,,,,,iteration_budget,3822,209,18940,21,23118,12624,S1,RALMultiRRT,12,3,12001,exact_geometry_v2,dfb22a54f1bd12560c7dc3c99ac7ee01636d2061e8bb15cba993a23677934b95
0,0,0,2.2878273339997577,,,,,,iteration_budget,2862,226,19475,25,24251,13464,S1,RALMultiRRT,12,3,12002,exact_geometry_v2,dfb22a54f1bd12560c7dc3c99ac7ee01636d2061e8bb15cba993a23677934b95
1,1,1,0.20193385599986868,1046.9105889390041,0.030563420723001323,0.002037561381533422,2.420155173264746,91.0,,1398,163,2496,33,864,759,S2,RALMultiRRT,1,1,12000,exact_geometry_v2,518a28b328775307e59debe9fe0cf20ac6ce40753ad794c16a6c2ff1c5d0bf06
1,1,1,0.19226077400003305,1038.468603113138,0.03721232013272199,0.002480821342181466,2.8055817451974576,89.66666666666667,,1332,165,2477,36,804,707,S2,RALMultiRRT,1,1,12001,exact_geometry_v2,518a28b328775307e59debe9fe0cf20ac6ce40753ad794c16a6c2ff1c5d0bf06
1,1,1,0.17638117899991812,1010.7318588584736,0.022830583204814778,0.0015220388803209855,2.2790081634211123,86.66666666666667,,1294,160,2332,32,777,688,S2,RALMultiRRT,1,1,12002,exact_geometry_v2,518a28b328775307e59debe9fe0cf20ac6ce40753ad794c16a6c2ff1c5d0bf06
1,1,1,0.5156022040002881,1002.9343304561439,0.022132827254735584,0.001475521816982372,0.9727089021221982,86.33333333333333,,2092,207,5163,27,3365,2088,S2,RALMultiRRT,2,2,12000,exact_geometry_v2,518a28b328775307e59debe9fe0cf20ac6ce40753ad794c16a6c2ff1c5d0bf06
1,1,1,0.3622799960000975,1012.336204408372,0.0230800840245954,0.00153867226830636,0.8997150149687823,87.33333333333333,,1050,165,3697,30,2350,1358,S2,RALMultiRRT,2,2,12001,exact_geometry_v2,518a28b328775307e59debe9fe0cf20ac6ce40753ad794c16a6c2ff1c5d0bf06
1,1,1,0.49466662400027417,1071.7487400788484,0.037081871440909416,0.0024721247627272937,2.053932053483228,92.66666666666667,,3084,221,5091,44,3056,1840,S2,RALMultiRRT,2,2,12002,exact_geometry_v2,518a28b328775307e59debe9fe0cf20ac6ce40753ad794c16a6c2ff1c5d0bf06
1,1,1,0.6969835130000774,1039.5321660405614,0.028417068237018516,0.0018944712158012347,2.43588378561585,90.33333333333333,,1560,173,6422,30,5239,3280,S2,RALMultiRRT,4,2,12000,exact_geometry_v2,518a28b328775307e59debe9fe0cf20ac6ce40753ad794c16a6c2ff1c5d0bf06
1,1,1,0.7283995380000761,1025.4850566419032,0.025360696105061104,0.0016907130736707405,1.2033977353093093,89.0,,2424,203,6551,33,5343,3408,S2,RALMultiRRT,4,2,12001,exact_geometry_v2,518a28b328775307e59debe9fe0cf20ac6ce40753ad794c16a6c2ff1c5d0bf06
1,1,1,0.6294359750004332,1032.2841777722804,0.029633996582739075,0.001975599772182605,2.2790081634211123,89.33333333333333,,1545,164,5597,31,4657,2784,S2,RALMultiRRT,4,2,12002,exact_geometry_v2,518a28b328775307e59debe9fe0cf20ac6ce40753ad794c16a6c2ff1c5d0bf06
1,1,1,2.035828021000043,1022.3323193503547,0.02289826857265988,0.0015265512381773254,0.21726761062080868,88.33333333333333,,3107,213,17022,35,17110,8512,S2,RALMultiRRT,8,3,12000,exact_geometry_v2,518a28b328775307e59debe9fe0cf20ac6ce40753ad794c16a6c2ff1c5d0bf06
1,1,1,1.6894367560000774,1010.1494689838337,0.02681156213104841,0.0017874374754032274,1.5090882188846972,87.66666666666667,,2268,191,13807,29,14618,7136,S2,RALMultiRRT,8,3,12001,exact_geometry_v2,518a28b328775307e59debe9fe0cf20ac6ce40753ad794c16a6c2ff1c5d0bf06
1,1,1,1.216761138000038,1042.4655802576024,0.021737566774175408,0.0014491711182783608,1.0027861481581173,90.33333333333333,,1269,178,10746,29,10664,5128,S2,RALMultiRRT,8,3,12002,exact_geometry_v2,518a28b328775307e59debe9fe0cf20ac6ce40753ad794c16a6c2ff1c5d0bf06
0,0,0,2.7222120690003067,,,,,,iteration_budget,3928,210,22023,17,25297,12360,S2,RALMultiRRT,12,3,12000,exact_geometry_v2,518a28b328775307e59debe9fe0cf20ac6ce40753ad794c16a6c2ff1c5d0bf06
0,0,0,3.691547311000022,,,,,,iteration_budget,3156,287,31349,21,31364,16224,S2,RALMultiRRT,12,3,12001,exact_geometry_v2,518a28b328775307e59debe9fe0cf20ac6ce40753ad794c16a6c2ff1c5d0bf06
0,0,0,3.297227143999862,,,,,,iteration_budget,5178,244,26734,23,29378,15396,S2,RALMultiRRT,12,3,12002,exact_geometry_v2,518a28b328775307e59debe9fe0cf20ac6ce40753ad794c16a6c2ff1c5d0bf06
