valid,complete,collision_free,runtime,mean_path_length,turning_angle,curvature_proxy,min_clearance,mean_node_count,failure_reason,samples,expanded_nodes,collision_checks,validator_calls,apf_calls,lookahead_trials,experiment,map_id,map_group,algorithm,seed,validator_version,scenario_hash
1,1,1,0.008945904000029259,959.571064342607,0.011040460206656671,0.000736030680443778,0.4479261176780014,82.66666666666667,,119,85,628,25,0,0,random,D1_50000,D1,MultiRRT,8000,exact_geometry_v2,03940cacdfd4626c1d242b567cb19c9864502109e909fe7373427b889c95a0b1
1,1,1,0.010384592000036719,957.2647721048634,0.009892801739947192,0.0006595201159964795,0.4479261176780014,82.66666666666667,,183,144,714,22,0,0,random,D1_50000,D1,RRTStar,8000,exact_geometry_v2,03940cacdfd4626c1d242b567cb19c9864502109e909fe7373427b889c95a0b1
1,1,1,0.014608189000000493,957.2647721048634,0.009892801739947192,0.0006595201159964795,0.4479261176780014,82.66666666666667,,183,144,873,22,0,0,random,D1_50000,D1,RRTStarSmart,8000,exact_geometry_v2,03940cacdfd4626c1d242b567cb19c9864502109e909fe7373427b889c95a0b1
1,1,1,0.04324115800000072,999.8618802866373,0.0221082980625817,0.0014738865375054464,1.2571534203475707,87.0,,891,134,1582,25,87,0,random,D1_50000,D1,APFMultiRRT,8000,exact_geometry_v2,03940cacdfd4626c1d242b567cb19c9864502109e909fe7373427b889c95a0b1
1,1,1,0.32054772699984824,987.067560073216,0.019976202179450453,0.0013317468119633635,3.11084485760356,85.0,,882,137,5811,30,4503,2444,random,D1_50000,D1,RALMultiRRT,8000,exact_geometry_v2,03940cacdfd4626c1d242b567cb19c9864502109e909fe7373427b889c95a0b1
1,1,1,0.011016356000027372,978.336660868115,0.013134961501994188,0.0008756641001329456,7.385155375438991,83.66666666666667,,214,117,801,32,0,0,random,D1_50001,D1,MultiRRT,8001,exact_geometry_v2,f0500ae17cf451134b5e4cbb33d4ce9c37a1d578ce2350217cd5767669c367ac
1,1,1,0.01241967099986141,975.978663215759,0.014187123978587244,0.0009458082652391495,10.559804332127761,83.66666666666667,,281,181,825,24,0,0,random,D1_50001,D1,RRTStar,8001,exact_geometry_v2,f0500ae17cf451134b5e4cbb33d4ce9c37a1d578ce2350217cd5767669c367ac
1,1,1,0.01410735400008889,975.978663215759,0.014187123978587244,0.0009458082652391495,10.559804332127761,83.66666666666667,,281,181,979,24,0,0,random,D1_50001,D1,RRTStarSmart,8001,exact_geometry_v2,f0500ae17cf451134b5e4cbb33d4ce9c37a1d578ce2350217cd5767669c367ac
1,1,1,0.0405478289999337,985.2786661645363,0.02266324367421774,0.0015108829116145161,5.382290214114665,85.0,,813,149,1645,28,89,0,random,D1_50001,D1,APFMultiRRT,8001,exact_geometry_v2,f0500ae17cf451134b5e4cbb33d4ce9c37a1d578ce2350217cd5767669c367ac
1,1,1,0.2518784389999382,967.5504435334593,0.015193387541633366,0.0010128925027755578,2.142859320764309,83.33333333333333,,720,137,5137,33,3971,2224,random,D1_50001,D1,RALMultiRRT,8001,exact_geometry_v2,f0500ae17cf451134b5e4cbb33d4ce9c37a1d578ce2350217cd5767669c367ac
1,1,1,0.008365367999886075,978.2688554174719,0.010105574573494168,0.0006737049715662779,5.534998341855649,84.0,,121,87,615,23,0,0,random,D1_50002,D1,MultiRRT,8002,exact_geometry_v2,f8747d565f13a2de7f608c8b32fbeedc3f0e805df7d12cafb65da70663366d38
1,1,1,0.012115249999624211,973.978832413009,0.010133701207924799,0.0006755800805283199,6.740572045164129,84.33333333333333,,187,148,769,27,0,0,random,D1_50002,D1,RRTStar,8002,exact_geometry_v2,f8747d565f13a2de7f608c8b32fbeedc3f0e805df7d12cafb65da70663366d38
1,1,1,0.014067824999983713,973.978832413009,0.010133701207924799,0.0006755800805283199,6.740572045164129,84.33333333333333,,187,148,930,27,0,0,random,D1_50002,D1,RRTStarSmart,8002,exact_geometry_v2,f8747d565f13a2de7f608c8b32fbeedc3f0e805df7d12cafb65da70663366d38
1,1,1,0.0390301099998851,1011.7580322550626,0.016361950078773477,0.001090796671918232,1.441043230337634,86.33333333333333,,714,137,1437,22,78,0,random,D1_50002,D1,APFMultiRRT,8002,exact_geometry_v2,f8747d565f13a2de7f608c8b32fbeedc3f0e805df7d12cafb65da70663366d38
1,1,1,0.4288360300001841,970.2597945437186,0.010191102548009928,0.0006794068365339952,2.030312953995164,83.0,,1008,174,7728,28,6384,3384,random,D1_50002,D1,RALMultiRRT,8002,exact_geometry_v2,f8747d565f13a2de7f608c8b32fbeedc3f0e805df7d12cafb65da70663366d38
1,1,1,0.010715802000049734,1052.217874113698,0.03494532041558057,0.0023296880277053713,0.14805081108896445,91.0,,142,110,773,24,0,0,random,D1_50003,D1,MultiRRT,8003,exact_geometry_v2,c0c31ba05dd748ea3b3ffe98a3aafabf9adb21b94579cbc0493a54ee560a820c
1,1,1,0.014052812000045378,989.2106071462667,0.026837848982865283,0.0017891899321910189,1.221617503864593,85.66666666666667,,207,171,850,26,0,0,random,D1_50003,D1,RRTStar,8003,exact_geometry_v2,c0c31ba05dd748ea3b3ffe98a3aafabf9adb21b94579cbc0493a54ee560a820c
1,1,1,0.01662789400006659,989.2106071462667,0.026837848982865283,0.0017891899321910189,1.221617503864593,85.66666666666667,,207,171,1050,26,0,0,random,D1_50003,D1,RRTStarSmart,8003,exact_geometry_v2,c0c31ba05dd748ea3b3ffe98a3aafabf9adb21b94579cbc0493a54ee560a820c
1,1,1,0.05337351100001797,1000.1997332538052,0.018406357906882,0.0012270905271254673,1.3556551300417752,86.0,,1041,188,1717,27,109,0,random,D1_50003,D1,APFMultiRRT,8003,exact_geometry_v2,c0c31ba05dd748ea3b3ffe98a3aafabf9adb21b94579cbc0493a54ee560a820c
1,1,1,0.3572362659999726,971.4688850754374,0.018516705654844156,0.0012344470436562772,3.648280531639834,83.33333333333333,,948,168,6339,34,5151,2888,random,D1_50003,D1,RALMultiRRT,8003,exact_geometry_v2,c0c31ba05dd748ea3b3ffe98a3aafabf9adb21b94579cbc0493a54ee560a820c
1,1,1,0.011947718999635981,1053.2667439226052,0.014945871381672768,0.0009963914254448511,0.19190315336813057,90.0,,213,116,772,30,0,0,random,D1_50004,D1,MultiRRT,8004,exact_geometry_v2,690c7a6924ea27006abef9c4274809d62996b0d9acce328500609b4b277289ab
1,1,1,0.01679809899974316,1054.153374152743,0.014989196784591078,0.0009992797856394054,0.22023797826148694,90.0,,282,174,891,28,0,0,random,D1_50004,D1,RRTStar,8004,exact_geometry_v2,690c7a6924ea27006abef9c4274809d62996b0d9acce328500609b4b277289ab
1,1,1,0.017419845999938843,1054.153374152743,0.014989196784591078,0.0009992797856394054,0.22023797826148694,90.0,,282,174,1023,28,0,0,random,D1_50004,D1,RRTStarSmart,8004,exact_geometry_v2,690c7a6924ea27006abef9c4274809d62996b0d9acce328500609b4b277289ab
1,1,1,0.04736098699981994,978.9653189171762,0.01061457157648208,0.0007076381050988052,1.4727130277559368,84.33333333333333,,912,148,1697,30,96,0,random,D1_50004,D1,APFMultiRRT,8004,exact_geometry_v2,690c7a6924ea27006abef9c4274809d62996b0d9acce328500609b4b277289ab
1,1,1,0.33516592900014075,993.3216279816919,0.024433697185444764,0.0016289131456963177,1.5451646209739067,86.33333333333333,,897,161,6356,30,5154,2816,random,D1_50004,D1,RALMultiRRT,8004,exact_geometry_v2,690c7a6924ea27006abef9c4274809d62996b0d9acce328500609b4b277289ab
1,1,1,0.011023086000022886,979.8445212675302,0.010120132161704778,0.0006746754774469853,6.522500718801474,84.0,,183,110,688,25,0,0,random,D1_50005,D1,MultiRRT,8005,exact_geometry_v2,0d5212a24eb7ce05003d843c1674e731afd3a323811ae780a2c1c528863895d2
1,1,1,0.013356693000105224,994.7388775090975,0.016062949394507375,0.0010708632929671582,6.865460355036618,85.33333333333333,,253,168,774,23,0,0,random,D1_50005,D1,RRTStar,8005,exact_geometry_v2,0d5212a24eb7ce05003d843c1674e731afd3a323811ae780a2c1c528863895d2
1,1,1,0.015462826999964818,994.7388775090975,0.016062949394507375,0.0010708632929671582,6.865460355036618,85.33333333333333,,253,168,926,23,0,0,random,D1_50005,D1,RRTStarSmart,8005,exact_geometry_v2,0d5212a24eb7ce05003d843c1674e731afd3a323811ae780a2c1c528863895d2
1,1,1,0.05242970799986324,976.731281078631,0.0160678733345325,0.0010711915556354996,1.620680603045777,85.0,,1077,167,1728,29,101,0,random,D1_50005,D1,APFMultiRRT,8005,exact_geometry_v2,0d5212a24eb7ce05003d843c1674e731afd3a323811ae780a2c1c528863895d2
1,1,1,0.38736155499987035,975.9617628633077,0.013305300890264644,0.0008870200593509764,2.0401760876453015,83.66666666666667,,900,154,6301,29,5086,2724,random,D1_50005,D1,RALMultiRRT,8005,exact_geometry_v2,0d5212a24eb7ce05003d843c1674e731afd3a323811ae780a2c1c528863895d2
1,1,1,0.011099028999751681,991.808655182687,0.01759665309462127,0.0011731102063080848,3.071073184830091,85.0,,218,132,699,26,0,0,random,D1_50006,D1,MultiRRT,8006,exact_geometry_v2,599bfd726b7db42bca9bf17bc766424c925c46591b6abbacabab7fc676c0d2aa
1,1,1,0.014964156000132789,979.326136334732,0.01235990953056594,0.000823993968704396,5.57148477232445,84.0,,286,197,830,25,0,0,random,D1_50006,D1,RRTStar,8006,exact_geometry_v2,599bfd726b7db42bca9bf17bc766424c925c46591b6abbacabab7fc676c0d2aa
1,1,1,0.01687441600006423,979.326136334732,0.01235990953056594,0.000823993968704396,5.57148477232445,84.0,,286,197,974,25,0,0,random,D1_50006,D1,RRTStarSmart,8006,exact_geometry_v2,599bfd726b7db42bca9bf17bc766424c925c46591b6abbacabab7fc676c0d2aa
1,1,1,0.041710630999887144,1009.5241023591507,0.0193990236041864,0.0012932682402790935,5.385522901954435,86.33333333333333,,810,143,1505,24,82,0,random,D1_50006,D1,APFMultiRRT,8006,exact_geometry_v2,599bfd726b7db42bca9bf17bc766424c925c46591b6abbacabab7fc676c0d2aa
1,1,1,0.37190417799979514,990.5478800911222,0.010543388464634582,0.0007028925643089722,3.5363870811501386,84.66666666666667,,864,147,6697,24,5384,2864,random,D1_50006,D1,RALMultiRRT,8006,exact_geometry_v2,599bfd726b7db42bca9bf17bc766424c925c46591b6abbacabab7fc676c0d2aa
1,1,1,0.016104205999909027,1097.9196145848189,0.01887285815791922,0.0012581905438612813,1.1807001137162842,93.66666666666667,,258,140,817,28,0,0,random,D1_50007,D1,MultiRRT,8007,exact_geometry_v2,bc0cc724b4031c29a0d3276a804d057612fdb9f64abb403b1b6c0be243f97626
1,1,1,0.02443535499992322,1125.5471552457332,0.025633211502865075,0.0017088807668576716,5.740736548392192,96.0,,336,208,1042,31,0,0,random,D1_50007,D1,RRTStar,8007,exact_geometry_v2,bc0cc724b4031c29a0d3276a804d057612fdb9f64abb403b1b6c0be243f97626
1,1,1,0.027127924000296844,1125.5471552457332,0.025633211502865075,0.0017088807668576716,5.740736548392192,96.0,,336,208,1199,31,0,0,random,D1_50007,D1,RRTStarSmart,8007,exact_geometry_v2,bc0cc724b4031c29a0d3276a804d057612fdb9f64abb403b1b6c0be243f97626
1,1,1,0.05766198100013753,1020.0285234242937,0.023656886064897704,0.0015771257376598468,1.3742631176196198,87.33333333333333,,996,150,1750,31,96,0,random,D1_50007,D1,APFMultiRRT,8007,exact_geometry_v2,bc0cc724b4031c29a0d3276a804d057612fdb9f64abb403b1b6c0be243f97626
1,1,1,0.405272310999635,1001.9506587353284,0.04288732013464841,0.0028591546756432276,0.33919682476200563,87.66666666666667,,1347,164,6266,28,5059,2868,random,D1_50007,D1,RALMultiRRT,8007,exact_geometry_v2,bc0cc724b4031c29a0d3276a804d057612fdb9f64abb403b1b6c0be243f97626
1,1,1,0.008296696000343218,1001.51128660825,0.00939178805573973,0.0006261192037159819,9.179116182357859,85.66666666666667,,94,76,570,24,0,0,random,D1_50008,D1,MultiRRT,8008,exact_geometry_v2,9ca190e20d07bfb701551b9a9fce2c051897456664e30181d46c87eaad97bc37
1,1,1,0.013137172999449831,1000.2737848315695,0.00895377682505666,0.0005969184550037773,9.179116182357859,85.0,,166,142,743,26,0,0,random,D1_50008,D1,RRTStar,8008,exact_geometry_v2,9ca190e20d07bfb701551b9a9fce2c051897456664e30181d46c87eaad97bc37
1,1,1,0.015087512999798491,1000.2737848315695,0.00895377682505666,0.0005969184550037773,9.179116182357859,85.0,,166,142,876,26,0,0,random,D1_50008,D1,RRTStarSmart,8008,exact_geometry_v2,9ca190e20d07bfb701551b9a9fce2c051897456664e30181d46c87eaad97bc37
1,1,1,0.050141274999759844,1005.3349989866465,0.011687262828878409,0.0007791508552585604,2.116176081290316,86.33333333333333,,879,159,1607,27,91,0,random,D1_50008,D1,APFMultiRRT,8008,exact_geometry_v2,9ca190e20d07bfb701551b9a9fce2c051897456664e30181d46c87eaad97bc37
1,1,1,0.3960893179998948,990.6912434426337,0.018686112997391254,0.0012457408664927501,0.26802091869767963,85.33333333333333,,996,155,6498,28,5333,2872,random,D1_50008,D1,RALMultiRRT,8008,exact_geometry_v2,9ca190e20d07bfb701551b9a9fce2c051897456664e30181d46c87eaad97bc37
1,1,1,0.007298752999986391,967.7444908649517,0.010170094882635277,0.0006780063255090184,2.7514434153092253,83.0,,142,103,585,20,0,0,random,D1_50009,D1,MultiRRT,8009,exact_geometry_v2,76931d18030c585195708f9a46d9fe9bd2a208fc39a6808038150058d66ad5f3
1,1,1,0.01047257600021112,965.709422634293,0.007691611846904135,0.0005127741231269423,3.2229711559827443,82.66666666666667,,209,168,719,22,0,0,random,D1_50009,D1,RRTStar,8009,exact_geometry_v2,76931d18030c585195708f9a46d9fe9bd2a208fc39a6808038150058d66ad5f3
1,1,1,0.012123014999588122,965.709422634293,0.007691611846904135,0.0005127741231269423,3.2229711559827443,82.66666666666667,,209,168,858,22,0,0,random,D1_50009,D1,RRTStarSmart,8009,exact_geometry_v2,76931d18030c585195708f9a46d9fe9bd2a208fc39a6808038150058d66ad5f3
1,1,1,0.041905870000164214,975.5111241250124,0.01010620899924679,0.0006737472666164526,6.793553650324142,83.33333333333333,,870,152,1614,25,94,0,random,D1_50009,D1,APFMultiRRT,8009,exact_geometry_v2,76931d18030c585195708f9a46d9fe9bd2a208fc39a6808038150058d66ad5f3
1,1,1,0.3317194430001109,963.6422536842823,0.011545294718141317,0.0007696863145427543,4.843775078495209,83.0,,729,137,5778,26,4550,2456,random,D1_50009,D1,RALMultiRRT,8009,exact_geometry_v2,76931d18030c585195708f9a46d9fe9bd2a208fc39a6808038150058d66ad5f3
1,1,1,0.010352894000334345,986.3531533036931,0.00776227744971189,0.0005174851633141259,2.9086418034981545,84.33333333333333,,100,84,652,30,0,0,random,D1_50010,D1,MultiRRT,8010,exact_geometry_v2,45452c52540c83c93dd16dea5f46345725de1a4ca81d04093624742757301111
1,1,1,0.01082628900007876,986.3531533036931,0.00776227744971189,0.0005174851633141259,2.9086418034981545,84.33333333333333,,163,140,636,20,0,0,random,D1_50010,D1,RRTStar,8010,exact_geometry_v2,45452c52540c83c93dd16dea5f46345725de1a4ca81d04093624742757301111
1,1,1,0.01260078500013151,986.3531533036931,0.00776227744971189,0.0005174851633141259,2.9086418034981545,84.33333333333333,,163,140,756,20,0,0,random,D1_50010,D1,RRTStarSmart,8010,exact_geometry_v2,45452c52540c83c93dd16dea5f46345725de1a4ca81d04093624742757301111
1,1,1,0.05588683499991021,983.9412973516191,0.01034409786173194,0.0006896065241154629,12.95575590239357,84.0,,804,147,1592,28,88,0,random,D1_50010,D1,APFMultiRRT,8010,exact_geometry_v2,45452c52540c83c93dd16dea5f46345725de1a4ca81d04093624742757301111
1,1,1,0.4093577510000159,980.2153817934723,0.009395706006243343,0.0006263804004162228,6.879495319265267,83.66666666666667,,750,140,6627,26,5248,2772,random,D1_50010,D1,RALMultiRRT,8010,exact_geometry_v2,45452c52540c83c93dd16dea5f46345725de1a4ca81d04093624742757301111
1,1,1,0.010573397999905865,989.6703686653874,0.021311711721820115,0.0014207807814546744,5.41745812946067,85.33333333333333,,113,87,743,31,0,0,random,D1_50011,D1,MultiRRT,8011,exact_geometry_v2,33da67713ccff04630bf581c189de1c2cda02a6b29515c1403622af447745d93
1,1,1,0.012955419000263646,996.1295413823946,0.03278461824773999,0.0021856412165159995,0.7112213649288002,86.0,,185,149,866,35,0,0,random,D1_50011,D1,RRTStar,8011,exact_geometry_v2,33da67713ccff04630bf581c189de1c2cda02a6b29515c1403622af447745d93
1,1,1,0.015379183000050034,996.1295413823946,0.03278461824773999,0.0021856412165159995,0.7112213649288002,86.0,,185,149,1146,52,0,0,random,D1_50011,D1,RRTStarSmart,8011,exact_geometry_v2,33da67713ccff04630bf581c189de1c2cda02a6b29515c1403622af447745d93
1,1,1,0.05045525700006692,1044.5375608888125,0.016051060477563817,0.0010700706985042544,0.45839309706831344,89.0,,969,150,1655,26,97,0,random,D1_50011,D1,APFMultiRRT,8011,exact_geometry_v2,33da67713ccff04630bf581c189de1c2cda02a6b29515c1403622af447745d93
1,1,1,0.34246854900015933,1006.7093690488806,0.01664139631986641,0.0011094264213244273,2.074285476986681,86.33333333333333,,888,152,6790,27,5444,2892,random,D1_50011,D1,RALMultiRRT,8011,exact_geometry_v2,33da67713ccff04630bf581c189de1c2cda02a6b29515c1403622af447745d93
1,1,1,0.00917421999997714,972.9466142687443,0.011300325080583798,0.0007533550053722531,4.925087005931296,83.33333333333333,,137,94,656,24,0,0,random,D1_50012,D1,MultiRRT,8012,exact_geometry_v2,836ae2e9ff971ee93114ecaa2b14c9ed5668bd5d4e813121e56efbb1a9c62c1e
1,1,1,0.012142965000066397,973.0625034456807,0.010099302869567717,0.0006732868579711811,2.2062080486920426,83.0,,206,155,781,24,0,0,random,D1_50012,D1,RRTStar,8012,exact_geometry_v2,836ae2e9ff971ee93114ecaa2b14c9ed5668bd5d4e813121e56efbb1a9c62c1e
1,1,1,0.014129479000075662,973.0625034456807,0.010099302869567717,0.0006732868579711811,2.2062080486920426,83.0,,206,155,946,24,0,0,random,D1_50012,D1,RRTStarSmart,8012,exact_geometry_v2,836ae2e9ff971ee93114ecaa2b14c9ed5668bd5d4e813121e56efbb1a9c62c1e
1,1,1,0.04126860999986093,974.5409019810298,0.01335351956518352,0.0008902346376789013,0.7020906171285368,83.33333333333333,,816,150,1506,27,88,0,random,D1_50012,D1,APFMultiRRT,8012,exact_geometry_v2,836ae2e9ff971ee93114ecaa2b14c9ed5668bd5d4e813121e56efbb1a9c62c1e
1,1,1,0.30619999700002154,1000.2683488304879,0.021920128546953677,0.001461341903130245,1.40497254368546,86.0,,801,149,5955,28,4623,2516,random,D1_50012,D1,RALMultiRRT,8012,exact_geometry_v2,836ae2e9ff971ee93114ecaa2b14c9ed5668bd5d4e813121e56efbb1a9c62c1e
1,1,1,0.011685945999943215,1026.179120775592,0.027041292372509722,0.0018027528248339816,3.681981607581008,87.33333333333333,,157,98,723,28,0,0,random,D1_50013,D1,MultiRRT,8013,exact_geometry_v2,aae07afb8a4625c78b749d7acea627b3e9894f9821a56cfacf4e12715dab5018
1,1,1,0.013510726000049544,997.3565304450095,0.025971320303180435,0.0017314213535453626,0.60470799988361,85.33333333333333,,227,161,784,25,0,0,random,D1_50013,D1,RRTStar,8013,exact_geometry_v2,aae07afb8a4625c78b749d7acea627b3e9894f9821a56cfacf4e12715dab5018
1,1,1,0.015065759999743022,997.3565304450095,0.025971320303180435,0.0017314213535453626,0.60470799988361,85.33333333333333,,227,161,971,25,0,0,random,D1_50013,D1,RRTStarSmart,8013,exact_geometry_v2,aae07afb8a4625c78b749d7acea627b3e9894f9821a56cfacf4e12715dab5018
1,1,1,0.04845433199989202,999.2844585124841,0.012695437285076204,0.000846362485671747,1.8921572950822974,86.0,,855,147,1562,24,91,0,random,D1_50013,D1,APFMultiRRT,8013,exact_geometry_v2,aae07afb8a4625c78b749d7acea627b3e9894f9821a56cfacf4e12715dab5018
1,1,1,0.39844547200004854,1020.9876374442957,0.02482388726272246,0.001654925817514831,3.264886325139507,88.0,,1029,148,6302,24,5023,2712,random,D1_50013,D1,RALMultiRRT,8013,exact_geometry_v2,aae07afb8a4625c78b749d7acea627b3e9894f9821a56cfacf4e12715dab5018
1,1,1,0.014318113000172161,967.2742914020455,0.011211426362210286,0.0007474284241473523,1.7188258131610894,83.66666666666667,,287,189,824,26,0,0,random,D1_50014,D1,MultiRRT,8014,exact_geometry_v2,727c574c611ebd35f467ed29e90376b22ba66a5f705facb76070424b8427d7d0
1,1,1,0.021840144000179862,977.9728329186777,0.0153605470529953,0.0010240364701996868,1.9200621968336335,84.66666666666667,,353,250,1061,25,0,0,random,D1_50014,D1,RRTStar,8014,exact_geometry_v2,727c574c611ebd35f467ed29e90376b22ba66a5f705facb76070424b8427d7d0
1,1,1,0.0238441840001542,977.9728329186777,0.0153605470529953,0.0010240364701996868,1.9200621968336335,84.66666666666667,,353,250,1252,25,0,0,random,D1_50014,D1,RRTStarSmart,8014,exact_geometry_v2,727c574c611ebd35f467ed29e90376b22ba66a5f705facb76070424b8427d7d0
1,1,1,0.058482378000007884,1031.3242973415456,0.02030907938215495,0.0013539386254769966,1.9370392964877965,88.66666666666667,,1362,162,1886,22,126,0,random,D1_50014,D1,APFMultiRRT,8014,exact_geometry_v2,727c574c611ebd35f467ed29e90376b22ba66a5f705facb76070424b8427d7d0
1,1,1,0.3646391490001406,995.7973459806902,0.016365147101162766,0.0010910098067441842,2.121915689128528,85.33333333333333,,855,151,6750,24,5452,2904,random,D1_50014,D1,RALMultiRRT,8014,exact_geometry_v2,727c574c611ebd35f467ed29e90376b22ba66a5f705facb76070424b8427d7d0
1,1,1,0.0212946570004533,1087.3449135635667,0.023382857931910268,0.0015588571954606846,0.8243296449902218,92.66666666666667,,315,144,786,23,0,0,random,D2_51000,D2,MultiRRT,8000,exact_geometry_v2,0d0da471bf65bb098e2d814f82f5d6e11f01d52272d1cf0eb525edd3e898bd9d
1,1,1,0.026637400000254274,1056.5119653720105,0.019741017846581922,0.0013160678564387949,1.3239717094898964,90.0,,379,192,917,23,0,0,random,D2_51000,D2,RRTStar,8000,exact_geometry_v2,0d0da471bf65bb098e2d814f82f5d6e11f01d52272d1cf0eb525edd3e898bd9d
1,1,1,0.027644747999829633,1056.5119653720105,0.019741017846581922,0.0013160678564387949,1.3239717094898964,90.0,,379,192,1055,23,0,0,random,D2_51000,D2,RRTStarSmart,8000,exact_geometry_v2,0d0da471bf65bb098e2d814f82f5d6e11f01d52272d1cf0eb525edd3e898bd9d
1,1,1,0.06357909000007567,970.8280240466462,0.013997006138563417,0.0009331337425708945,0.6007575419982558,83.33333333333333,,774,145,1528,29,82,0,random,D2_51000,D2,APFMultiRRT,8000,exact_geometry_v2,0d0da471bf65bb098e2d814f82f5d6e11f01d52272d1cf0eb525edd3e898bd9d
1,1,1,0.5034463269998923,1019.5520970752532,0.024862034824231983,0.001657468988282132,2.84981854421887,87.33333333333333,,1038,179,6138,27,5234,2956,random,D2_51000,D2,RALMultiRRT,8000,exact_geometry_v2,0d0da471bf65bb098e2d814f82f5d6e11f01d52272d1cf0eb525edd3e898bd9d
1,1,1,0.020745960000112973,1040.4724535977564,0.037424208792349666,0.002494947252823311,0.4514915312847627,89.66666666666667,,279,111,807,27,0,0,random,D2_51001,D2,MultiRRT,8001,exact_geometry_v2,6c888051e87d559174c2527564ccf74822faa6c0b4b71733a85bd2646e53b0ae
1,1,1,0.021535599999879196,1023.5808800166009,0.0207297715312755,0.0013819847687516998,0.44758020293619083,88.0,,344,162,824,24,0,0,random,D2_51001,D2,RRTStar,8001,exact_geometry_v2,6c888051e87d559174c2527564ccf74822faa6c0b4b71733a85bd2646e53b0ae
1,1,1,0.026131405999876733,1023.5808800166009,0.0207297715312755,0.0013819847687516998,0.44758020293619083,88.0,,344,162,1024,24,0,0,random,D2_51001,D2,RRTStarSmart,8001,exact_geometry_v2,6c888051e87d559174c2527564ccf74822faa6c0b4b71733a85bd2646e53b0ae
1,1,1,0.06768759299984595,1022.0133743095827,0.021212938186854574,0.0014141958791236385,1.12774424098129,88.0,,903,142,1708,36,91,0,random,D2_51001,D2,APFMultiRRT,8001,exact_geometry_v2,6c888051e87d559174c2527564ccf74822faa6c0b4b71733a85bd2646e53b0ae
1,1,1,0.41787461700005224,1012.3460225895393,0.021762664381415674,0.0014508442920943786,0.9544817845639848,87.66666666666667,,990,170,5415,30,4303,2516,random,D2_51001,D2,RALMultiRRT,8001,exact_geometry_v2,6c888051e87d559174c2527564ccf74822faa6c0b4b71733a85bd2646e53b0ae
1,1,1,0.014677943999913623,1048.2442410098229,0.01500449429408844,0.001000299619605896,0.7167587193520717,89.33333333333333,,214,108,702,25,0,0,random,D2_51002,D2,MultiRRT,8002,exact_geometry_v2,2b322707d99224518a08a4f042fddb261ba1c1ad4c69d2cc3fb5db8eecc39b13
1,1,1,0.019948418000240054,1008.5975656182909,0.012458214119644826,0.0008305476079763217,0.7167587193520717,86.33333333333333,,293,176,852,26,0,0,random,D2_51002,D2,RRTStar,8002,exact_geometry_v2,2b322707d99224518a08a4f042fddb261ba1c1ad4c69d2cc3fb5db8eecc39b13
1,1,1,0.023086637999767845,1008.5975656182909,0.012458214119644826,0.0008305476079763217,0.7167587193520717,86.33333333333333,,293,176,992,26,0,0,random,D2_51002,D2,RRTStarSmart,8002,exact_geometry_v2,2b322707d99224518a08a4f042fddb261ba1c1ad4c69d2cc3fb5db8eecc39b13
1,1,1,0.06345504300020366,1016.165585205662,0.021002507352709598,0.0014001671568473065,1.2406777535144151,87.33333333333333,,918,148,1691,34,90,0,random,D2_51002,D2,APFMultiRRT,8002,exact_geometry_v2,2b322707d99224518a08a4f042fddb261ba1c1ad4c69d2cc3fb5db8eecc39b13
1,1,1,0.3636923699998533,992.6854772122815,0.032647529213030345,0.002176501947535356,1.6386265855524087,85.33333333333333,,930,139,4984,27,3964,2228,random,D2_51002,D2,RALMultiRRT,8002,exact_geometry_v2,2b322707d99224518a08a4f042fddb261ba1c1ad4c69d2cc3fb5db8eecc39b13
1,1,1,0.018004186000098343,1047.797480952294,0.03053858402638371,0.002035905601758914,0.718845094198473,90.0,,116,82,748,24,0,0,random,D2_51003,D2,MultiRRT,8003,exact_geometry_v2,f379c45a3f11e281e3e4ca1f7f429d09239da7ba206e347e634abc53b8bb63aa
1,1,1,0.02594133099978535,1032.6705817493769,0.03279476965135251,0.002186317976756834,0.9766847467528095,88.66666666666667,,191,144,923,29,0,0,random,D2_51003,D2,RRTStar,8003,exact_geometry_v2,f379c45a3f11e281e3e4ca1f7f429d09239da7ba206e347e634abc53b8bb63aa
1,1,1,0.031737687000031656,1032.6705817493769,0.03279476965135251,0.002186317976756834,0.9766847467528095,88.66666666666667,,191,144,1148,29,0,0,random,D2_51003,D2,RRTStarSmart,8003,exact_geometry_v2,f379c45a3f11e281e3e4ca1f7f429d09239da7ba206e347e634abc53b8bb63aa
1,1,1,0.08061101199996301,1032.0588815829296,0.017232532044058536,0.0011488354696039024,2.289358751594939,88.66666666666667,,939,168,1743,32,99,0,random,D2_51003,D2,APFMultiRRT,8003,exact_geometry_v2,f379c45a3f11e281e3e4ca1f7f429d09239da7ba206e347e634abc53b8bb63aa
1,1,1,0.4756516819998069,1056.1130490224712,0.04616022615311838,0.0030773484102078912,2.6205951734086295,93.33333333333333,,858,152,5291,34,3998,2256,random,D2_51003,D2,RALMultiRRT,8003,exact_geometry_v2,f379c45a3f11e281e3e4ca1f7f429d09239da7ba206e347e634abc53b8bb63aa
0,0,0,0.02969722200009528,,,,,,no_path,670,282,801,17,0,0,random,D2_51004,D2,MultiRRT,8004,exact_geometry_v2,9cae5a1503ac2f1effb43a644ce614075dfb110ce7f49b25d2d790a94ee8ef6f
0,0,0,0.03943996599991806,,,,,,no_path,704,313,1033,22,0,0,random,D2_51004,D2,RRTStar,8004,exact_geometry_v2,9cae5a1503ac2f1effb43a644ce614075dfb110ce7f49b25d2d790a94ee8ef6f
0,0,0,0.04188627400003497,,,,,,no_path,704,313,1150,22,0,0,random,D2_51004,D2,RRTStarSmart,8004,exact_geometry_v2,9cae5a1503ac2f1effb43a644ce614075dfb110ce7f49b25d2d790a94ee8ef6f
1,1,1,0.1779065430000628,1088.0167648250924,0.03995177843033678,0.002663451895355785,5.0018028838340385,94.0,,3150,219,3829,37,230,0,random,D2_51004,D2,APFMultiRRT,8004,exact_geometry_v2,9cae5a1503ac2f1effb43a644ce614075dfb110ce7f49b25d2d790a94ee8ef6f
1,1,1,0.4637959530000444,1011.6788410706749,0.023974545771220518,0.0015983030514147012,2.5702652164663196,87.33333333333333,,966,158,5750,27,4664,2608,random,D2_51004,D2,RALMultiRRT,8004,exact_geometry_v2,9cae5a1503ac2f1effb43a644ce614075dfb110ce7f49b25d2d790a94ee8ef6f
1,1,1,0.020884429000034288,993.8642593752215,0.024783353731303623,0.001652223582086908,3.9957494778892055,84.66666666666667,,241,136,701,22,0,0,random,D2_51005,D2,MultiRRT,8005,exact_geometry_v2,4ad05d83a4ff007595f1caa77d60f1efe05e9bff42670501bbc673a867e12be1
1,1,1,0.0335044089999883,983.5990582327431,0.017316319085110072,0.0011544212723406714,1.822779399128443,84.0,,315,188,959,30,0,0,random,D2_51005,D2,RRTStar,8005,exact_geometry_v2,4ad05d83a4ff007595f1caa77d60f1efe05e9bff42670501bbc673a867e12be1
1,1,1,0.041951803000074506,983.5990582327431,0.017316319085110072,0.0011544212723406714,1.822779399128443,84.0,,315,188,1138,30,0,0,random,D2_51005,D2,RRTStarSmart,8005,exact_geometry_v2,4ad05d83a4ff007595f1caa77d60f1efe05e9bff42670501bbc673a867e12be1
1,1,1,0.08445180099988647,989.3369157171486,0.028194792458231713,0.001879652830548781,4.332100319816583,85.0,,981,158,1706,30,97,0,random,D2_51005,D2,APFMultiRRT,8005,exact_geometry_v2,4ad05d83a4ff007595f1caa77d60f1efe05e9bff42670501bbc673a867e12be1
1,1,1,0.5031186460003028,989.7449503115052,0.01939299376146796,0.0012928662507645308,0.41808360661213584,85.0,,801,147,5604,27,4593,2552,random,D2_51005,D2,RALMultiRRT,8005,exact_geometry_v2,4ad05d83a4ff007595f1caa77d60f1efe05e9bff42670501bbc673a867e12be1
1,1,1,0.016410097000061796,971.49845186017,0.008827736354931913,0.000588515756995461,2.1543233275294984,83.0,,170,91,676,25,0,0,random,D2_51006,D2,MultiRRT,8006,exact_geometry_v2,db342311a8abfdc4f7c3e3782492af543d1b72d25e940c4be207089c7fed90c9
1,1,1,0.02195460599978105,1011.130254812686,0.015934717792154014,0.0010623145194769343,2.047932550804383,86.33333333333333,,236,147,732,22,0,0,random,D2_51006,D2,RRTStar,8006,exact_geometry_v2,db342311a8abfdc4f7c3e3782492af543d1b72d25e940c4be207089c7fed90c9
1,1,1,0.02284189199986031,1011.130254812686,0.015934717792154014,0.0010623145194769343,2.047932550804383,86.33333333333333,,236,147,872,22,0,0,random,D2_51006,D2,RRTStarSmart,8006,exact_geometry_v2,db342311a8abfdc4f7c3e3782492af543d1b72d25e940c4be207089c7fed90c9
1,1,1,0.07815334800011442,1002.3192602382766,0.013016624312392913,0.0008677749541595277,1.9406478258458542,86.33333333333333,,945,151,1782,29,101,0,random,D2_51006,D2,APFMultiRRT,8006,exact_geometry_v2,db342311a8abfdc4f7c3e3782492af543d1b72d25e940c4be207089c7fed90c9
1,1,1,0.5290188129999933,970.91176750327,0.007196768156514647,0.0004797845437676432,7.2016141483886855,82.66666666666667,,888,160,6440,30,5182,2812,random,D2_51006,D2,RALMultiRRT,8006,exact_geometry_v2,db342311a8abfdc4f7c3e3782492af543d1b72d25e940c4be207089c7fed90c9
1,1,1,0.02055304200007413,1060.1127060731762,0.013911238724333507,0.0009274159149555672,0.3948171999844341,90.66666666666667,,310,142,854,27,0,0,random,D2_51007,D2,MultiRRT,8007,exact_geometry_v2,aac9eb2eeeaaf022c411c7d93b0c43916926d9daccf9bc46e1f57220d893a0f1
1,1,1,0.024176534999924115,1020.6445539866633,0.014632255259428115,0.0009754836839618745,1.8174071932164324,87.33333333333333,,378,198,921,25,0,0,random,D2_51007,D2,RRTStar,8007,exact_geometry_v2,aac9eb2eeeaaf022c411c7d93b0c43916926d9daccf9bc46e1f57220d893a0f1
1,1,1,0.027504210999950374,1020.6445539866633,0.014632255259428115,0.0009754836839618745,1.8174071932164324,87.33333333333333,,378,198,1075,25,0,0,random,D2_51007,D2,RRTStarSmart,8007,exact_geometry_v2,aac9eb2eeeaaf022c411c7d93b0c43916926d9daccf9bc46e1f57220d893a0f1
1,1,1,0.06790685399982976,1047.7570940787307,0.03751568640530728,0.002501045760353819,0.08041710120420831,92.0,,984,145,1799,33,92,0,random,D2_51007,D2,APFMultiRRT,8007,exact_geometry_v2,aac9eb2eeeaaf022c411c7d93b0c43916926d9daccf9bc46e1f57220d893a0f1
1,1,1,0.501707172000124,1022.6583048567178,0.014867174419187243,0.0009911449612791494,1.3087241408499288,87.66666666666667,,1191,166,6612,31,5343,2936,random,D2_51007,D2,RALMultiRRT,8007,exact_geometry_v2,aac9eb2eeeaaf022c411c7d93b0c43916926d9daccf9bc46e1f57220d893a0f1
1,1,1,0.023170697999830736,1211.6549220875124,0.04102574590104962,0.002735049726736641,1.9766231399799494,104.0,,291,137,926,32,0,0,random,D2_51008,D2,MultiRRT,8008,exact_geometry_v2,f279d2099e116e6dc1b305f18cfc0b9e74e0fa407f8a86b6956f02c026633060
1,1,1,0.027664222000112204,1177.9564434338715,0.03259276937410504,0.0021728512916070024,1.178731727739148,100.66666666666667,,356,191,1026,29,0,0,random,D2_51008,D2,RRTStar,8008,exact_geometry_v2,f279d2099e116e6dc1b305f18cfc0b9e74e0fa407f8a86b6956f02c026633060
1,1,1,0.03119358299977648,1177.9564434338715,0.03259276937410504,0.0021728512916070024,1.178731727739148,100.66666666666667,,356,191,1240,29,0,0,random,D2_51008,D2,RRTStarSmart,8008,exact_geometry_v2,f279d2099e116e6dc1b305f18cfc0b9e74e0fa407f8a86b6956f02c026633060
1,1,1,0.05853638899998259,968.238429004844,0.016074688384400796,0.0010716458922933863,1.0594204614590694,83.33333333333333,,738,139,1552,34,78,0,random,D2_51008,D2,APFMultiRRT,8008,exact_geometry_v2,f279d2099e116e6dc1b305f18cfc0b9e74e0fa407f8a86b6956f02c026633060
1,1,1,0.35029730499991274,979.6236663033765,0.03170648981565321,0.002113765987710214,0.8476249628593635,86.0,,822,142,4795,33,3729,2152,random,D2_51008,D2,RALMultiRRT,8008,exact_geometry_v2,f279d2099e116e6dc1b305f18cfc0b9e74e0fa407f8a86b6956f02c026633060
1,1,1,0.027778383999702783,1107.9706018560148,0.023820077983408742,0.0015880051988939163,4.897320858190554,95.0,,243,119,930,37,0,0,random,D2_51009,D2,MultiRRT,8009,exact_geometry_v2,7887799a1110509b2d4dfb8cfc44dab6aae71cfe3034e66b5b31bfc7c6310224
1,1,1,0.027491350000218517,1053.0585120155347,0.014352194443912772,0.0009568129629275181,3.9706532764627482,90.0,,308,172,930,31,0,0,random,D2_51009,D2,RRTStar,8009,exact_geometry_v2,7887799a1110509b2d4dfb8cfc44dab6aae71cfe3034e66b5b31bfc7c6310224
1,1,1,0.029019422999908784,1053.0585120155347,0.014352194443912772,0.0009568129629275181,3.9706532764627482,90.0,,308,172,1055,31,0,0,random,D2_51009,D2,RRTStarSmart,8009,exact_geometry_v2,7887799a1110509b2d4dfb8cfc44dab6aae71cfe3034e66b5b31bfc7c6310224
1,1,1,0.08215196799960722,976.1163906221669,0.010818845864185925,0.0007212563909457284,1.3872782041613618,83.66666666666667,,1032,154,1761,33,104,0,random,D2_51009,D2,APFMultiRRT,8009,exact_geometry_v2,7887799a1110509b2d4dfb8cfc44dab6aae71cfe3034e66b5b31bfc7c6310224
1,1,1,0.4927377209999122,980.9456989972838,0.015220126418952491,0.0010146750945968328,0.7688992680677629,84.33333333333333,,765,152,5933,29,4795,2600,random,D2_51009,D2,RALMultiRRT,8009,exact_geometry_v2,7887799a1110509b2d4dfb8cfc44dab6aae71cfe3034e66b5b31bfc7c6310224
1,1,1,0.027330699000003733,1051.7985282346974,0.025536194315378652,0.0017024129543585767,2.69161730039189,90.0,,325,161,900,28,0,0,random,D2_51010,D2,MultiRRT,8010,exact_geometry_v2,565f4814d4bd2d000160b8ea191f5a4bfea8f9a3f0c440d4ed177947f3ac8381
1,1,1,0.03602443399995536,1073.764720290437,0.039467381803876704,0.0026311587869251134,0.9138061579336583,92.66666666666667,,392,209,1096,30,0,0,random,D2_51010,D2,RRTStar,8010,exact_geometry_v2,565f4814d4bd2d000160b8ea191f5a4bfea8f9a3f0c440d4ed177947f3ac8381
1,1,1,0.04046105100019304,1073.764720290437,0.039467381803876704,0.0026311587869251134,0.9138061579336583,92.66666666666667,,392,209,1331,30,0,0,random,D2_51010,D2,RRTStarSmart,8010,exact_geometry_v2,565f4814d4bd2d000160b8ea191f5a4bfea8f9a3f0c440d4ed177947f3ac8381
1,1,1,0.11846580699989318,1029.803058082128,0.043868388360113426,0.0029245592240075623,1.383866697433291,89.33333333333333,,1758,207,2225,35,146,0,random,D2_51010,D2,APFMultiRRT,8010,exact_geometry_v2,565f4814d4bd2d000160b8ea191f5a4bfea8f9a3f0c440d4ed177947f3ac8381
1,1,1,0.7423475750001671,986.8573691746469,0.015717633945506796,0.0010478422630337866,0.36607330191347565,84.33333333333333,,2223,202,8527,32,6813,3956,random,D2_51010,D2,RALMultiRRT,8010,exact_geometry_v2,565f4814d4bd2d000160b8ea191f5a4bfea8f9a3f0c440d4ed177947f3ac8381
1,1,1,0.023221220999857906,1016.7992632295278,0.037799705531433435,0.002519980368762229,2.403525085382496,87.66666666666667,,301,157,903,29,0,0,random,D2_51011,D2,MultiRRT,8011,exact_geometry_v2,7b9310b64c68da9ab39b65541764fe364b4b4fbb97084aacfcdc8e2c5e2d658e
1,1,1,0.029515939000020808,999.7106792777892,0.0307625863899485,0.0020508390926632335,3.2386257357578003,86.0,,368,211,1039,33,0,0,random,D2_51011,D2,RRTStar,8011,exact_geometry_v2,7b9310b64c68da9ab39b65541764fe364b4b4fbb97084aacfcdc8e2c5e2d658e
1,1,1,0.03409280399978343,999.7106792777892,0.0307625863899485,0.0020508390926632335,3.2386257357578003,86.0,,368,211,1254,33,0,0,random,D2_51011,D2,RRTStarSmart,8011,exact_geometry_v2,7b9310b64c68da9ab39b65541764fe364b4b4fbb97084aacfcdc8e2c5e2d658e
1,1,1,0.07434334699996725,1063.3885957220166,0.021271678471382564,0.0014181118980921708,2.6529087437442342,91.33333333333333,,1110,148,1879,35,98,0,random,D2_51011,D2,APFMultiRRT,8011,exact_geometry_v2,7b9310b64c68da9ab39b65541764fe364b4b4fbb97084aacfcdc8e2c5e2d658e
1,1,1,0.47575665300018954,1062.9166858058773,0.060929223461916794,0.004061948230794454,0.6317780064609835,93.66666666666667,,2132,203,6699,29,5224,3156,random,D2_51011,D2,RALMultiRRT,8011,exact_geometry_v2,7b9310b64c68da9ab39b65541764fe364b4b4fbb97084aacfcdc8e2c5e2d658e
1,1,1,0.0187045739999121,1073.7352704632801,0.014970559061597158,0.000998037270773144,0.19728148445119587,92.0,,170,109,732,27,0,0,random,D2_51012,D2,MultiRRT,8012,exact_geometry_v2,16084164307046ada0c742a6553079623868f88b2268b1967bf497e528e67dad
1,1,1,0.01937238100003924,1055.3235310817745,0.010610419639370093,0.0007073613092913395,1.567521161193369,90.33333333333333,,240,167,772,23,0,0,random,D2_51012,D2,RRTStar,8012,exact_geometry_v2,16084164307046ada0c742a6553079623868f88b2268b1967bf497e528e67dad
1,1,1,0.021649713000215343,1055.3235310817745,0.010610419639370093,0.0007073613092913395,1.567521161193369,90.33333333333333,,240,167,923,23,0,0,random,D2_51012,D2,RRTStarSmart,8012,exact_geometry_v2,16084164307046ada0c742a6553079623868f88b2268b1967bf497e528e67dad
1,1,1,0.07638854100014214,985.9117446368114,0.012990778385987575,0.0008660518923991717,2.6875243871747507,84.33333333333333,,1293,164,1731,22,113,0,random,D2_51012,D2,APFMultiRRT,8012,exact_geometry_v2,16084164307046ada0c742a6553079623868f88b2268b1967bf497e528e67dad
1,1,1,0.5256718129999172,1056.3872538970766,0.04028053658459912,0.0026853691056399416,0.388462167412726,91.66666666666667,,990,169,6453,34,5261,2856,random,D2_51012,D2,RALMultiRRT,8012,exact_geometry_v2,16084164307046ada0c742a6553079623868f88b2268b1967bf497e528e67dad
0,0,0,0.01624796000032802,,,,,,no_path,335,110,495,14,0,0,random,D2_51013,D2,MultiRRT,8013,exact_geometry_v2,3eaaf216d66c5b4491dd06bf7d0e67037523a7ceae8b63c6d653d30ec52e084e
0,0,0,0.019834767000020292,,,,,,no_path,391,155,616,17,0,0,random,D2_51013,D2,RRTStar,8013,exact_geometry_v2,3eaaf216d66c5b4491dd06bf7d0e67037523a7ceae8b63c6d653d30ec52e084e
0,0,0,0.02688802699981352,,,,,,no_path,391,155,732,17,0,0,random,D2_51013,D2,RRTStarSmart,8013,exact_geometry_v2,3eaaf216d66c5b4491dd06bf7d0e67037523a7ceae8b63c6d653d30ec52e084e
1,1,1,0.06249000100001467,973.678465684908,0.012711125129541645,0.0008474083419694431,1.5044860200627532,83.66666666666667,,903,154,1542,26,87,0,random,D2_51013,D2,APFMultiRRT,8013,exact_geometry_v2,3eaaf216d66c5b4491dd06bf7d0e67037523a7ceae8b63c6d653d30ec52e084e
1,1,1,0.4295014220001576,973.7946062298114,0.017392640645613102,0.0011595093763742072,1.2556978660060807,84.33333333333333,,819,152,5648,30,4429,2440,random,D2_51013,D2,RALMultiRRT,8013,exact_geometry_v2,3eaaf216d66c5b4491dd06bf7d0e67037523a7ceae8b63c6d653d30ec52e084e
1,1,1,0.022145781999824976,1165.6400095105535,0.04998848071796824,0.003332565381197883,1.5275911076727908,100.66666666666667,,208,111,903,32,0,0,random,D2_51014,D2,MultiRRT,8014,exact_geometry_v2,7c9190fed2b45686e5e009139108354084e564ae0e3724b98b7065cadbd71b44
1,1,1,0.026829940999959945,1081.3640968281677,0.031172118759330004,0.0020781412506220005,4.573696692156625,93.66666666666667,,274,164,932,27,0,0,random,D2_51014,D2,RRTStar,8014,exact_geometry_v2,7c9190fed2b45686e5e009139108354084e564ae0e3724b98b7065cadbd71b44
1,1,1,0.029400976000033552,1081.3640968281677,0.031172118759330004,0.0020781412506220005,4.573696692156625,93.66666666666667,,274,164,1161,27,0,0,random,D2_51014,D2,RRTStarSmart,8014,exact_geometry_v2,7c9190fed2b45686e5e009139108354084e564ae0e3724b98b7065cadbd71b44
1,1,1,0.08310042800007977,1054.7167526306864,0.04314430513459947,0.002876287008973298,0.6578365505567252,92.33333333333333,,1173,160,1906,34,105,0,random,D2_51014,D2,APFMultiRRT,8014,exact_geometry_v2,7c9190fed2b45686e5e009139108354084e564ae0e3724b98b7065cadbd71b44
1,1,1,0.48261973800003943,1002.2213520079534,0.020038464694731226,0.001335897646315415,0.9367783052808818,87.33333333333333,,924,157,5976,29,4760,2604,random,D2_51014,D2,RALMultiRRT,8014,exact_geometry_v2,7c9190fed2b45686e5e009139108354084e564ae0e3724b98b7065cadbd71b44
1,1,1,0.04593083199983994,1058.4132082290741,0.03948213252106504,0.0026321421680710025,1.8607304092064822,90.66666666666667,,285,127,973,36,0,0,random,D3_52000,D3,MultiRRT,8000,exact_geometry_v2,9a54e6f3133eb8f584b551075b19cf9b4c8eb1731a8cebf3a5aa7cb1954ef0f6
1,1,1,0.03910073800034297,1037.137713524716,0.04526946349229063,0.003017964232819375,1.7668381660247476,89.66666666666667,,353,175,937,25,0,0,random,D3_52000,D3,RRTStar,8000,exact_geometry_v2,9a54e6f3133eb8f584b551075b19cf9b4c8eb1731a8cebf3a5aa7cb1954ef0f6
1,1,1,0.048365222000256836,1035.1942186932163,0.04476186846365726,0.0029841245642438174,1.7668381660247476,89.33333333333333,,353,175,1166,27,0,0,random,D3_52000,D3,RRTStarSmart,8000,exact_geometry_v2,9a54e6f3133eb8f584b551075b19cf9b4c8eb1731a8cebf3a5aa7cb1954ef0f6
1,1,1,0.1059439600001042,1025.9651146699275,0.023204103694415598,0.0015469402462943733,0.599608163932082,88.33333333333333,,954,146,1647,26,94,0,random,D3_52000,D3,APFMultiRRT,8000,exact_geometry_v2,9a54e6f3133eb8f584b551075b19cf9b4c8eb1731a8cebf3a5aa7cb1954ef0f6
1,1,1,0.6584973050000826,992.4659837140038,0.018191103679770605,0.0012127402453180403,0.37200958910661086,85.66666666666667,,912,160,5644,30,4706,2644,random,D3_52000,D3,RALMultiRRT,8000,exact_geometry_v2,9a54e6f3133eb8f584b551075b19cf9b4c8eb1731a8cebf3a5aa7cb1954ef0f6
0,0,0,0.033050346999971225,,,,,,no_path,495,196,773,20,0,0,random,D3_52001,D3,MultiRRT,8001,exact_geometry_v2,16c78b9b2baa6747931b55ef15e4ba9eab9c391c2da4c62862cd6eaa025652ba
0,0,0,0.03756868599998597,,,,,,no_path,543,232,875,19,0,0,random,D3_52001,D3,RRTStar,8001,exact_geometry_v2,16c78b9b2baa6747931b55ef15e4ba9eab9c391c2da4c62862cd6eaa025652ba
0,0,0,0.039419779000127164,,,,,,no_path,543,232,977,19,0,0,random,D3_52001,D3,RRTStarSmart,8001,exact_geometry_v2,16c78b9b2baa6747931b55ef15e4ba9eab9c391c2da4c62862cd6eaa025652ba
1,1,1,0.08632469799999853,986.5052959958954,0.015207561549842293,0.001013837436656153,0.9215877416817939,85.66666666666667,,999,149,1651,31,91,0,random,D3_52001,D3,APFMultiRRT,8001,exact_geometry_v2,16c78b9b2baa6747931b55ef15e4ba9eab9c391c2da4c62862cd6eaa025652ba
1,1,1,0.4895244790000106,1014.3018837583537,0.04909878970749046,0.003273252647166031,0.4625113430558372,92.66666666666667,,1023,155,4993,26,4056,2388,random,D3_52001,D3,RALMultiRRT,8001,exact_geometry_v2,16c78b9b2baa6747931b55ef15e4ba9eab9c391c2da4c62862cd6eaa025652ba
1,1,1,0.024873694999996587,981.1212926578356,0.024812215915806096,0.0016541477277204066,0.8058749496616144,85.0,,177,99,729,26,0,0,random,D3_52002,D3,MultiRRT,8002,exact_geometry_v2,d6d7fafc9b3f935ccf0668f0ba0f532ddfd7f97a18a02bc0092f0f8558ef6b46
1,1,1,0.028600441999969917,1004.7009639544457,0.03274431584017339,0.0021829543893448927,0.8855349259375309,86.66666666666667,,244,148,805,26,0,0,random,D3_52002,D3,RRTStar,8002,exact_geometry_v2,d6d7fafc9b3f935ccf0668f0ba0f532ddfd7f97a18a02bc0092f0f8558ef6b46
1,1,1,0.03586489300005269,1004.7009639544457,0.03274431584017339,0.0021829543893448927,0.8855349259375309,86.66666666666667,,244,148,992,26,0,0,random,D3_52002,D3,RRTStarSmart,8002,exact_geometry_v2,d6d7fafc9b3f935ccf0668f0ba0f532ddfd7f97a18a02bc0092f0f8558ef6b46
1,1,1,0.12128112799996416,1021.64415687022,0.03460445444207766,0.002306963629471844,0.4651947488900241,88.66666666666667,,1447,161,2064,29,115,0,random,D3_52002,D3,APFMultiRRT,8002,exact_geometry_v2,d6d7fafc9b3f935ccf0668f0ba0f532ddfd7f97a18a02bc0092f0f8558ef6b46
1,1,1,0.7793350289998671,1008.7149191453403,0.018467305299894664,0.0012311536866596443,1.6972373438765178,87.0,,1602,177,7233,25,6001,3388,random,D3_52002,D3,RALMultiRRT,8002,exact_geometry_v2,d6d7fafc9b3f935ccf0668f0ba0f532ddfd7f97a18a02bc0092f0f8558ef6b46
1,1,1,0.028260159000183194,1075.9964830361332,0.05257094381537671,0.0035047295876917805,0.07163146511968677,93.33333333333333,,226,113,891,30,0,0,random,D3_52003,D3,MultiRRT,8003,exact_geometry_v2,f31a6df32cfb2a15d79c8d51549cc068a76bd3a100c3d601d60d3745e132bf7e
1,1,1,0.04144316199995046,1061.5622610359205,0.05244602575214857,0.003496401716809904,1.3454115677709737,93.33333333333333,,302,177,1139,33,0,0,random,D3_52003,D3,RRTStar,8003,exact_geometry_v2,f31a6df32cfb2a15d79c8d51549cc068a76bd3a100c3d601d60d3745e132bf7e
1,1,1,0.047981328000332724,1056.2491938230178,0.045815834585719084,0.003054388972381272,1.3597180555360069,91.66666666666667,,302,177,1383,38,0,0,random,D3_52003,D3,RRTStarSmart,8003,exact_geometry_v2,f31a6df32cfb2a15d79c8d51549cc068a76bd3a100c3d601d60d3745e132bf7e
1,1,1,0.09890820400005396,1055.0873692977677,0.03939035800442748,0.0026260238669618325,0.04764091513374069,92.66666666666667,,1203,155,1934,34,103,0,random,D3_52003,D3,APFMultiRRT,8003,exact_geometry_v2,f31a6df32cfb2a15d79c8d51549cc068a76bd3a100c3d601d60d3745e132bf7e
1,1,1,0.4357074859999557,984.1536757262419,0.01853530393629981,0.001235686929086654,0.5053630826223454,84.33333333333333,,861,143,4495,30,3636,2176,random,D3_52003,D3,RALMultiRRT,8003,exact_geometry_v2,f31a6df32cfb2a15d79c8d51549cc068a76bd3a100c3d601d60d3745e132bf7e
1,1,1,0.03561929200009217,1023.333879719186,0.036667279199106236,0.0024444852799404156,0.6291502479868143,88.66666666666667,,598,235,957,22,0,0,random,D3_52004,D3,MultiRRT,8004,exact_geometry_v2,48def3ff447a16882c16d3f9e3ee19d80b0a0a81af130400d35be33456eb19a8
1,1,1,0.0491280060000463,1008.2595176132298,0.017294934453157242,0.001152995630210483,0.8335300620972461,87.33333333333333,,660,289,1212,27,0,0,random,D3_52004,D3,RRTStar,8004,exact_geometry_v2,48def3ff447a16882c16d3f9e3ee19d80b0a0a81af130400d35be33456eb19a8
1,1,1,0.05846345699956146,1008.2595176132298,0.017294934453157242,0.001152995630210483,0.8335300620972461,87.33333333333333,,660,289,1451,27,0,0,random,D3_52004,D3,RRTStarSmart,8004,exact_geometry_v2,48def3ff447a16882c16d3f9e3ee19d80b0a0a81af130400d35be33456eb19a8
1,1,1,0.08174518300006639,993.452524449604,0.029874906986910987,0.0019916604657940653,0.5321958328138869,86.33333333333333,,918,148,1650,28,94,0,random,D3_52004,D3,APFMultiRRT,8004,exact_geometry_v2,48def3ff447a16882c16d3f9e3ee19d80b0a0a81af130400d35be33456eb19a8
1,1,1,0.4855233269997825,985.73365527748,0.021380521108536252,0.001425368073902417,1.381523599215777,84.33333333333333,,786,152,5064,24,4093,2296,random,D3_52004,D3,RALMultiRRT,8004,exact_geometry_v2,48def3ff447a16882c16d3f9e3ee19d80b0a0a81af130400d35be33456eb19a8
1,1,1,0.02916625600005318,1089.8012867262762,0.021641873113286025,0.001442791540885735,1.0347817176488405,93.0,,378,186,922,32,0,0,random,D3_52005,D3,MultiRRT,8005,exact_geometry_v2,2a44aa59567b136119184c7dbecdbb640f07435d9d3e6455c1a961a1d504c993
0,0,0,0.03795516299987867,,,,,,validator_reject,443,234,1151,28,0,0,random,D3_52005,D3,RRTStar,8005,exact_geometry_v2,2a44aa59567b136119184c7dbecdbb640f07435d9d3e6455c1a961a1d504c993
1,1,1,0.059087679000185744,1055.509898924459,0.019768086980691334,0.0013178724653794226,0.8402252314997938,90.66666666666667,,443,234,1714,50,0,0,random,D3_52005,D3,RRTStarSmart,8005,exact_geometry_v2,2a44aa59567b136119184c7dbecdbb640f07435d9d3e6455c1a961a1d504c993
1,1,1,0.07641280400025607,987.2217077623941,0.014446508864977857,0.0009631005909985238,1.8528366343169722,84.66666666666667,,927,163,1683,32,95,0,random,D3_52005,D3,APFMultiRRT,8005,exact_geometry_v2,2a44aa59567b136119184c7dbecdbb640f07435d9d3e6455c1a961a1d504c993
1,1,1,0.4706317609998223,983.7733348040016,0.020232108982350328,0.001348807265490022,1.9042731731536797,85.0,,966,160,5525,36,4415,2488,random,D3_52005,D3,RALMultiRRT,8005,exact_geometry_v2,2a44aa59567b136119184c7dbecdbb640f07435d9d3e6455c1a961a1d504c993
0,0,0,0.025663594999969064,,,,,,no_path,405,199,695,18,0,0,random,D3_52006,D3,MultiRRT,8006,exact_geometry_v2,5ef4e8fd4b522e697b27700df5b8e8085a8446a4f5a7742821f0cf7dfaa68055
0,0,0,0.03526426499979607,,,,,,no_path,452,233,899,23,0,0,random,D3_52006,D3,RRTStar,8006,exact_geometry_v2,5ef4e8fd4b522e697b27700df5b8e8085a8446a4f5a7742821f0cf7dfaa68055
0,0,0,0.03765443900010723,,,,,,no_path,452,233,1047,24,0,0,random,D3_52006,D3,RRTStarSmart,8006,exact_geometry_v2,5ef4e8fd4b522e697b27700df5b8e8085a8446a4f5a7742821f0cf7dfaa68055
1,1,1,0.07358782400001473,1025.2037582529395,0.02870763674144235,0.0019138424494294902,3.661369873807974,88.66666666666667,,945,136,1535,24,89,0,random,D3_52006,D3,APFMultiRRT,8006,exact_geometry_v2,5ef4e8fd4b522e697b27700df5b8e8085a8446a4f5a7742821f0cf7dfaa68055
1,1,1,0.4255720730000121,1001.9038232564235,0.034770048014971994,0.0023180032009981325,0.3258419747016106,88.33333333333333,,864,158,4728,29,3791,2192,random,D3_52006,D3,RALMultiRRT,8006,exact_geometry_v2,5ef4e8fd4b522e697b27700df5b8e8085a8446a4f5a7742821f0cf7dfaa68055
1,1,1,0.03406184400023449,1185.5460122519087,0.07843072577679537,0.005228715051786357,1.4162183609445265,104.33333333333333,,366,136,1013,28,0,0,random,D3_52007,D3,MultiRRT,8007,exact_geometry_v2,63c48483c70e67cf6cc8ecf4358c672922703aba0ab1e1248d49784f7b12d26d
1,1,1,0.040986541000165744,1161.33566920422,0.07228341794467823,0.004818894529645215,1.073680717020963,100.66666666666667,,437,189,1148,29,0,0,random,D3_52007,D3,RRTStar,8007,exact_geometry_v2,63c48483c70e67cf6cc8ecf4358c672922703aba0ab1e1248d49784f7b12d26d
1,1,1,0.04915686800018193,1127.251784027418,0.0631513042789739,0.0042100869519315935,0.9237923842962505,97.33333333333333,,437,189,1416,32,0,0,random,D3_52007,D3,RRTStarSmart,8007,exact_geometry_v2,63c48483c70e67cf6cc8ecf4358c672922703aba0ab1e1248d49784f7b12d26d
1,1,1,0.1076794120001523,1069.1139720451881,0.050217648034958796,0.0033478432023305864,0.8975240286242059,94.33333333333333,,1589,160,2097,36,117,0,random,D3_52007,D3,APFMultiRRT,8007,exact_geometry_v2,63c48483c70e67cf6cc8ecf4358c672922703aba0ab1e1248d49784f7b12d26d
1,1,1,0.5083927959999528,1022.6336629900112,0.03851105107371115,0.002567403404914077,0.10157368841657899,90.33333333333333,,1350,185,5307,37,4223,2528,random,D3_52007,D3,RALMultiRRT,8007,exact_geometry_v2,63c48483c70e67cf6cc8ecf4358c672922703aba0ab1e1248d49784f7b12d26d
1,1,1,0.03524908299959861,1050.547143521984,0.026459083973630355,0.0017639389315753573,1.8010967907827506,90.66666666666667,,432,210,921,24,0,0,random,D3_52008,D3,MultiRRT,8008,exact_geometry_v2,e8839e5c45580b1888306b92e5f0c082e80aecf4ad98b4a45d9cb8fbf61b2bc9
1,1,1,0.05862175600009323,1088.561193343633,0.02353934446363158,0.001569289630908772,0.48573816749271614,93.66666666666667,,487,256,1211,29,0,0,random,D3_52008,D3,RRTStar,8008,exact_geometry_v2,e8839e5c45580b1888306b92e5f0c082e80aecf4ad98b4a45d9cb8fbf61b2bc9
1,1,1,0.053093991999958234,1088.561193343633,0.02353934446363158,0.001569289630908772,0.48573816749271614,93.66666666666667,,487,256,1394,29,0,0,random,D3_52008,D3,RRTStarSmart,8008,exact_geometry_v2,e8839e5c45580b1888306b92e5f0c082e80aecf4ad98b4a45d9cb8fbf61b2bc9
1,1,1,0.09443075099966336,1003.577087073777,0.032726792151201216,0.0021817861434134138,0.2935906803084478,87.33333333333333,,762,142,1609,33,78,0,random,D3_52008,D3,APFMultiRRT,8008,exact_geometry_v2,e8839e5c45580b1888306b92e5f0c082e80aecf4ad98b4a45d9cb8fbf61b2bc9
1,1,1,0.6648874810000507,997.3533538371021,0.04474065664828123,0.002982710443218748,0.8269784782657155,87.66666666666667,,1785,192,6430,25,5302,3100,random,D3_52008,D3,RALMultiRRT,8008,exact_geometry_v2,e8839e5c45580b1888306b92e5f0c082e80aecf4ad98b4a45d9cb8fbf61b2bc9
0,0,0,0.029128126000159682,,,,,,no_path,571,233,713,18,0,0,random,D3_52009,D3,MultiRRT,8009,exact_geometry_v2,35f3f1f4a3c08e7b08676b3583359736548e81006dac923f6971c03d212f74e3
0,0,0,0.03642809000007219,,,,,,no_path,617,268,877,18,0,0,random,D3_52009,D3,RRTStar,8009,exact_geometry_v2,35f3f1f4a3c08e7b08676b3583359736548e81006dac923f6971c03d212f74e3
0,0,0,0.03990931799989994,,,,,,no_path,617,268,1028,18,0,0,random,D3_52009,D3,RRTStarSmart,8009,exact_geometry_v2,35f3f1f4a3c08e7b08676b3583359736548e81006dac923f6971c03d212f74e3
1,1,1,0.0956760189999386,1002.4502158134405,0.021295115100064477,0.001419674340004299,3.2427556527069967,86.0,,1191,171,1910,35,119,0,random,D3_52009,D3,APFMultiRRT,8009,exact_geometry_v2,35f3f1f4a3c08e7b08676b3583359736548e81006dac923f6971c03d212f74e3
1,1,1,0.5302888999999595,991.2364988112546,0.02100856305694015,0.0014005708704626768,1.11214402279861,85.33333333333333,,1306,165,5794,37,4602,2608,random,D3_52009,D3,RALMultiRRT,8009,exact_geometry_v2,35f3f1f4a3c08e7b08676b3583359736548e81006dac923f6971c03d212f74e3
1,1,1,0.06501580200006174,1036.1717615172793,0.044426618204118445,0.00296177454694123,2.6056959761183265,89.33333333333333,,244,118,1144,43,0,0,random,D3_52010,D3,MultiRRT,8010,exact_geometry_v2,6dabba2d572b5fab5b16e7a71a36c01061f6b59675866eb717cdf062b753991b
1,1,1,0.0381749230002697,1041.6089771663853,0.0573827817606773,0.0038255187840451534,2.616356630833895,89.33333333333333,,312,169,913,23,0,0,random,D3_52010,D3,RRTStar,8010,exact_geometry_v2,6dabba2d572b5fab5b16e7a71a36c01061f6b59675866eb717cdf062b753991b
1,1,1,0.04643912099982117,1035.6291968284131,0.04633659402377407,0.003089106268251604,2.616356630833895,89.0,,312,169,1150,25,0,0,random,D3_52010,D3,RRTStarSmart,8010,exact_geometry_v2,6dabba2d572b5fab5b16e7a71a36c01061f6b59675866eb717cdf062b753991b
1,1,1,0.10379356499993264,974.079049691553,0.017694623820828287,0.0011796415880552193,0.8044377371099358,84.0,,777,133,1502,26,81,0,random,D3_52010,D3,APFMultiRRT,8010,exact_geometry_v2,6dabba2d572b5fab5b16e7a71a36c01061f6b59675866eb717cdf062b753991b
1,1,1,0.7045549130000381,981.1962353795317,0.01754441113491733,0.001169627408994489,0.6670691442187753,85.0,,903,163,5866,33,4700,2620,random,D3_52010,D3,RALMultiRRT,8010,exact_geometry_v2,6dabba2d572b5fab5b16e7a71a36c01061f6b59675866eb717cdf062b753991b
0,0,0,0.038466703000267444,,,,,,no_path,576,253,767,14,0,0,random,D3_52011,D3,MultiRRT,8011,exact_geometry_v2,ab5b80d9306bf9ef00d9bb261ba213e2a3516f0fcbdfe76c30eb32fc0e15c43f
0,0,0,0.0428917439999168,,,,,,no_path,623,292,1048,21,0,0,random,D3_52011,D3,RRTStar,8011,exact_geometry_v2,ab5b80d9306bf9ef00d9bb261ba213e2a3516f0fcbdfe76c30eb32fc0e15c43f
0,0,0,0.04660698399993635,,,,,,no_path,623,292,1224,22,0,0,random,D3_52011,D3,RRTStarSmart,8011,exact_geometry_v2,ab5b80d9306bf9ef00d9bb261ba213e2a3516f0fcbdfe76c30eb32fc0e15c43f
1,1,1,0.07688114799975665,995.6925610192678,0.015613104074067205,0.0010408736049378135,3.3346560636923392,85.66666666666667,,795,134,1669,38,87,0,random,D3_52011,D3,APFMultiRRT,8011,exact_geometry_v2,ab5b80d9306bf9ef00d9bb261ba213e2a3516f0fcbdfe76c30eb32fc0e15c43f
1,1,1,0.5135797450000155,992.131868939537,0.0293813285791955,0.0019587552386130334,0.4177829959753119,86.0,,1227,169,5353,29,4502,2632,random,D3_52011,D3,RALMultiRRT,8011,exact_geometry_v2,ab5b80d9306bf9ef00d9bb261ba213e2a3516f0fcbdfe76c30eb32fc0e15c43f
1,1,1,0.035289043999910064,1130.357674816535,0.02054405750706516,0.001369603833804344,1.0676533218995772,97.33333333333333,,404,149,1029,33,0,0,random,D3_52012,D3,MultiRRT,8012,exact_geometry_v2,461b0ac9e0be51663ced55f54a5c88040045944bd8f47d41ed1ced8cab1694dd
1,1,1,0.04541765099997974,1130.7281472980576,0.022388488415558478,0.001492565894370565,1.0676533218995772,98.0,,472,202,1205,34,0,0,random,D3_52012,D3,RRTStar,8012,exact_geometry_v2,461b0ac9e0be51663ced55f54a5c88040045944bd8f47d41ed1ced8cab1694dd
1,1,1,0.048803445999965334,1128.5032805733565,0.020163757682665626,0.0013442505121777082,1.0676533218995772,97.0,,472,202,1399,37,0,0,random,D3_52012,D3,RRTStarSmart,8012,exact_geometry_v2,461b0ac9e0be51663ced55f54a5c88040045944bd8f47d41ed1ced8cab1694dd
1,1,1,0.08216334100006861,1023.7590427819667,0.043769185920162705,0.0029179457280108464,1.1811242434610136,89.66666666666667,,1008,159,1658,30,92,0,random,D3_52012,D3,APFMultiRRT,8012,exact_geometry_v2,461b0ac9e0be51663ced55f54a5c88040045944bd8f47d41ed1ced8cab1694dd
1,1,1,0.6031387329999234,981.9977465231801,0.025831340923453294,0.0017220893948968862,0.2080692406589204,84.66666666666667,,1715,151,6090,30,4875,2820,random,D3_52012,D3,RALMultiRRT,8012,exact_geometry_v2,461b0ac9e0be51663ced55f54a5c88040045944bd8f47d41ed1ced8cab1694dd
1,1,1,0.026472775000002002,1004.3904079389991,0.021477810233106565,0.0014318540155404376,1.09530287389188,86.33333333333333,,209,107,732,25,0,0,random,D3_52013,D3,MultiRRT,8013,exact_geometry_v2,084a9f31f7ddb6a65efeae96aff4bb0644e209205b5b99f91b3b3e43f00cb454
1,1,1,0.03061861199989835,1001.5515485118009,0.017760567363797167,0.0011840378242531447,0.3430599815918036,86.33333333333333,,276,159,848,26,0,0,random,D3_52013,D3,RRTStar,8013,exact_geometry_v2,084a9f31f7ddb6a65efeae96aff4bb0644e209205b5b99f91b3b3e43f00cb454
1,1,1,0.03551138899979378,1001.5515485118009,0.017760567363797167,0.0011840378242531447,0.3430599815918036,86.33333333333333,,276,159,1043,26,0,0,random,D3_52013,D3,RRTStarSmart,8013,exact_geometry_v2,084a9f31f7ddb6a65efeae96aff4bb0644e209205b5b99f91b3b3e43f00cb454
1,1,1,0.08944946300016454,1000.0175275110605,0.0228826539004936,0.0015255102600329068,0.44359529971711,86.33333333333333,,948,160,1649,27,96,0,random,D3_52013,D3,APFMultiRRT,8013,exact_geometry_v2,084a9f31f7ddb6a65efeae96aff4bb0644e209205b5b99f91b3b3e43f00cb454
1,1,1,0.5442787790000239,1001.7938502440261,0.009522397823317154,0.0006348265215544771,2.3221314933364994,85.66666666666667,,1056,184,5392,30,4478,2616,random,D3_52013,D3,RALMultiRRT,8013,exact_geometry_v2,084a9f31f7ddb6a65efeae96aff4bb0644e209205b5b99f91b3b3e43f00cb454
1,1,1,0.03906449499959308,1111.4902600535163,0.04566172439145275,0.003044114959430184,1.0152681970714337,95.66666666666667,,424,189,957,26,0,0,random,D3_52014,D3,MultiRRT,8014,exact_geometry_v2,06799739a0a9a3591a5711a707bd925cadd75f19c391eeab601fe5ab7239a9d1
1,1,1,0.05980055299983178,1084.9475335063491,0.0288476396660383,0.0019231759777358865,1.0152681970714337,93.0,,490,239,1339,35,0,0,random,D3_52014,D3,RRTStar,8014,exact_geometry_v2,06799739a0a9a3591a5711a707bd925cadd75f19c391eeab601fe5ab7239a9d1
1,1,1,0.0655595620000895,1084.946643690869,0.028754256006119378,0.0019169504004079585,1.3726428738262353,93.0,,490,239,1533,36,0,0,random,D3_52014,D3,RRTStarSmart,8014,exact_geometry_v2,06799739a0a9a3591a5711a707bd925cadd75f19c391eeab601fe5ab7239a9d1
1,1,1,0.10255075100008071,1006.9644882641065,0.030347536558530324,0.002023169103902021,0.8509790992329371,88.0,,1023,160,1755,34,99,0,random,D3_52014,D3,APFMultiRRT,8014,exact_geometry_v2,06799739a0a9a3591a5711a707bd925cadd75f19c391eeab601fe5ab7239a9d1
1,1,1,0.5989142290000018,1001.4950858137132,0.030757528164621156,0.00205050187764141,0.8695106967791624,88.33333333333333,,2216,176,5585,31,4136,2484,random,D3_52014,D3,RALMultiRRT,8014,exact_geometry_v2,06799739a0a9a3591a5711a707bd925cadd75f19c391eeab601fe5ab7239a9d1
0,0,0,0.01894406699989304,,,,,,no_path,515,244,727,20,0,0,random,Narrow_53000,Narrow,MultiRRT,8000,exact_geometry_v2,b0092374e8f8eac36fea384e6875cb19f80d3fee3792a508e3e4ae88866881d8
0,0,0,0.02298384599998826,,,,,,no_path,558,280,808,16,0,0,random,Narrow_53000,Narrow,RRTStar,8000,exact_geometry_v2,b0092374e8f8eac36fea384e6875cb19f80d3fee3792a508e3e4ae88866881d8
0,0,0,0.02620128599983218,,,,,,no_path,558,280,919,16,0,0,random,Narrow_53000,Narrow,RRTStarSmart,8000,exact_geometry_v2,b0092374e8f8eac36fea384e6875cb19f80d3fee3792a508e3e4ae88866881d8
0,0,0,0.32842917299990404,,,,,,iteration_budget,13254,219,7826,20,758,0,random,Narrow_53000,Narrow,APFMultiRRT,8000,exact_geometry_v2,b0092374e8f8eac36fea384e6875cb19f80d3fee3792a508e3e4ae88866881d8
1,1,1,1.0514547980001225,1147.220151630511,0.017554608953628394,0.0011703072635752265,0.42730173604984145,98.33333333333333,,9484,329,17990,39,15131,9332,random,Narrow_53000,Narrow,RALMultiRRT,8000,exact_geometry_v2,b0092374e8f8eac36fea384e6875cb19f80d3fee3792a508e3e4ae88866881d8
0,0,0,0.01076892299965948,,,,,,no_path,373,169,504,14,0,0,random,Narrow_53001,Narrow,MultiRRT,8001,exact_geometry_v2,2ba72489c86f7565d9b3a2b23c421223b7059a6e585f802ce8df55de1fe4539d
0,0,0,0.023893305999990844,,,,,,no_path,433,214,1043,32,0,0,random,Narrow_53001,Narrow,RRTStar,8001,exact_geometry_v2,2ba72489c86f7565d9b3a2b23c421223b7059a6e585f802ce8df55de1fe4539d
0,0,0,0.02658242000006794,,,,,,no_path,433,214,1162,35,0,0,random,Narrow_53001,Narrow,RRTStarSmart,8001,exact_geometry_v2,2ba72489c86f7565d9b3a2b23c421223b7059a6e585f802ce8df55de1fe4539d
0,0,0,0.28177968899990447,,,,,,iteration_budget,15093,153,7351,25,781,0,random,Narrow_53001,Narrow,APFMultiRRT,8001,exact_geometry_v2,2ba72489c86f7565d9b3a2b23c421223b7059a6e585f802ce8df55de1fe4539d
1,1,1,1.0899667259998296,1119.0751409500097,0.014037342923889086,0.0009358228615926061,0.8236734188193875,95.66666666666667,,8004,271,16823,35,15714,9688,random,Narrow_53001,Narrow,RALMultiRRT,8001,exact_geometry_v2,2ba72489c86f7565d9b3a2b23c421223b7059a6e585f802ce8df55de1fe4539d
1,1,1,0.01685190199987119,1126.603739997945,0.014211369537592654,0.0009474246358395102,1.2608577531961256,96.33333333333333,,348,184,897,29,0,0,random,Narrow_53002,Narrow,MultiRRT,8002,exact_geometry_v2,0831fc381dcf7eaee75d772a7c0e1bd48a1a9cc26c30aef38b9a183bb929e5d3
1,1,1,0.021940461999975014,1129.7887225082475,0.014996753845088648,0.0009997835896725764,1.2608577531961256,96.66666666666667,,407,229,1072,32,0,0,random,Narrow_53002,Narrow,RRTStar,8002,exact_geometry_v2,0831fc381dcf7eaee75d772a7c0e1bd48a1a9cc26c30aef38b9a183bb929e5d3
1,1,1,0.024361051999903793,1129.7887225082475,0.014996753845088648,0.0009997835896725764,1.2608577531961256,96.33333333333333,,407,229,1246,33,0,0,random,Narrow_53002,Narrow,RRTStarSmart,8002,exact_geometry_v2,0831fc381dcf7eaee75d772a7c0e1bd48a1a9cc26c30aef38b9a183bb929e5d3
1,1,1,0.3387738599999466,1114.7382601709771,0.020932640286201693,0.0013955093524134462,1.009128295251685,96.0,,15333,348,8401,36,869,0,random,Narrow_53002,Narrow,APFMultiRRT,8002,exact_geometry_v2,0831fc381dcf7eaee75d772a7c0e1bd48a1a9cc26c30aef38b9a183bb929e5d3
1,1,1,0.7102065350002249,1135.535399715631,0.018761682130076555,0.0012507788086717705,0.36048307835204696,97.33333333333333,,4195,240,11525,36,10126,6096,random,Narrow_53002,Narrow,RALMultiRRT,8002,exact_geometry_v2,0831fc381dcf7eaee75d772a7c0e1bd48a1a9cc26c30aef38b9a183bb929e5d3
0,0,0,0.014280295000162369,,,,,,no_path,559,249,431,6,0,0,random,Narrow_53003,Narrow,MultiRRT,8003,exact_geometry_v2,0948c622b067baa9aa412ecc3e930ef8e874b69695e3706cdb49379baa98017b
0,0,0,0.02024340499997379,,,,,,no_path,585,269,633,11,0,0,random,Narrow_53003,Narrow,RRTStar,8003,exact_geometry_v2,0948c622b067baa9aa412ecc3e930ef8e874b69695e3706cdb49379baa98017b
0,0,0,0.0208182599999418,,,,,,no_path,585,269,703,11,0,0,random,Narrow_53003,Narrow,RRTStarSmart,8003,exact_geometry_v2,0948c622b067baa9aa412ecc3e930ef8e874b69695e3706cdb49379baa98017b
0,0,0,0.2640142919999562,,,,,,iteration_budget,12774,228,6718,20,798,0,random,Narrow_53003,Narrow,APFMultiRRT,8003,exact_geometry_v2,0948c622b067baa9aa412ecc3e930ef8e874b69695e3706cdb49379baa98017b
0,0,0,1.5838156719999006,,,,,,iteration_budget,12210,386,22532,20,22465,14440,random,Narrow_53003,Narrow,RALMultiRRT,8003,exact_geometry_v2,0948c622b067baa9aa412ecc3e930ef8e874b69695e3706cdb49379baa98017b
0,0,0,0.015313443999957599,,,,,,no_path,624,207,555,13,0,0,random,Narrow_53004,Narrow,MultiRRT,8004,exact_geometry_v2,863250b51c667df70b106ce2fd162fb3ec03c788c094a87dae95003cb46ff08a
0,0,0,0.023744652000232236,,,,,,no_path,667,242,796,20,0,0,random,Narrow_53004,Narrow,RRTStar,8004,exact_geometry_v2,863250b51c667df70b106ce2fd162fb3ec03c788c094a87dae95003cb46ff08a
0,0,0,0.022549360000084562,,,,,,no_path,667,242,905,20,0,0,random,Narrow_53004,Narrow,RRTStarSmart,8004,exact_geometry_v2,863250b51c667df70b106ce2fd162fb3ec03c788c094a87dae95003cb46ff08a
0,0,0,0.29467104299988023,,,,,,iteration_budget,14979,147,7696,21,771,0,random,Narrow_53004,Narrow,APFMultiRRT,8004,exact_geometry_v2,863250b51c667df70b106ce2fd162fb3ec03c788c094a87dae95003cb46ff08a
1,1,1,0.8757406790002733,1124.415019177557,0.018666463087894106,0.0012444308725262738,1.746557924716683,96.33333333333333,,5139,304,13679,28,12141,7648,random,Narrow_53004,Narrow,RALMultiRRT,8004,exact_geometry_v2,863250b51c667df70b106ce2fd162fb3ec03c788c094a87dae95003cb46ff08a
0,0,0,0.012840805999985605,,,,,,no_path,370,161,557,19,0,0,random,Narrow_53005,Narrow,MultiRRT,8005,exact_geometry_v2,9e81045ae7da149146658ac1d81f2a1b2d59afef1527f2c9ffe4080522659967
0,0,0,0.017679679999901055,,,,,,no_path,412,196,693,17,0,0,random,Narrow_53005,Narrow,RRTStar,8005,exact_geometry_v2,9e81045ae7da149146658ac1d81f2a1b2d59afef1527f2c9ffe4080522659967
0,0,0,0.01864900099985789,,,,,,no_path,412,196,797,17,0,0,random,Narrow_53005,Narrow,RRTStarSmart,8005,exact_geometry_v2,9e81045ae7da149146658ac1d81f2a1b2d59afef1527f2c9ffe4080522659967
0,0,0,0.35339235900028143,,,,,,iteration_budget,13389,293,7785,18,793,0,random,Narrow_53005,Narrow,APFMultiRRT,8005,exact_geometry_v2,9e81045ae7da149146658ac1d81f2a1b2d59afef1527f2c9ffe4080522659967
0,0,0,1.4821151109999846,,,,,,iteration_budget,15546,398,22105,17,20090,13596,random,Narrow_53005,Narrow,RALMultiRRT,8005,exact_geometry_v2,9e81045ae7da149146658ac1d81f2a1b2d59afef1527f2c9ffe4080522659967
0,0,0,0.01355128699992747,,,,,,no_path,376,161,651,34,0,0,random,Narrow_53006,Narrow,MultiRRT,8006,exact_geometry_v2,750b2452b78eee1e32c042cb37e170056d9de86278e39423023e716dbb3da3df
0,0,0,0.01564326999982768,,,,,,no_path,425,207,702,20,0,0,random,Narrow_53006,Narrow,RRTStar,8006,exact_geometry_v2,750b2452b78eee1e32c042cb37e170056d9de86278e39423023e716dbb3da3df
0,0,0,0.016855447000125423,,,,,,no_path,425,207,804,20,0,0,random,Narrow_53006,Narrow,RRTStarSmart,8006,exact_geometry_v2,750b2452b78eee1e32c042cb37e170056d9de86278e39423023e716dbb3da3df
0,0,0,0.2975715850002416,,,,,,iteration_budget,12631,225,7348,16,751,0,random,Narrow_53006,Narrow,APFMultiRRT,8006,exact_geometry_v2,750b2452b78eee1e32c042cb37e170056d9de86278e39423023e716dbb3da3df
1,1,1,1.5763120479998634,1131.8240585823976,0.018177030174339685,0.0012118020116226457,1.3528493019263692,97.0,,7710,303,24502,30,21911,14564,random,Narrow_53006,Narrow,RALMultiRRT,8006,exact_geometry_v2,750b2452b78eee1e32c042cb37e170056d9de86278e39423023e716dbb3da3df
0,0,0,0.014625086999785708,,,,,,no_path,530,177,605,18,0,0,random,Narrow_53007,Narrow,MultiRRT,8007,exact_geometry_v2,4dda13e00c582b2962c2d2869eb5fe7b1df3790ac21d6190de1e26044f8447c0
0,0,0,0.01790123399996446,,,,,,no_path,573,215,719,16,0,0,random,Narrow_53007,Narrow,RRTStar,8007,exact_geometry_v2,4dda13e00c582b2962c2d2869eb5fe7b1df3790ac21d6190de1e26044f8447c0
0,0,0,0.019066020000309436,,,,,,no_path,573,215,850,16,0,0,random,Narrow_53007,Narrow,RRTStarSmart,8007,exact_geometry_v2,4dda13e00c582b2962c2d2869eb5fe7b1df3790ac21d6190de1e26044f8447c0
0,0,0,0.3113399459998618,,,,,,iteration_budget,15357,212,8371,20,753,0,random,Narrow_53007,Narrow,APFMultiRRT,8007,exact_geometry_v2,4dda13e00c582b2962c2d2869eb5fe7b1df3790ac21d6190de1e26044f8447c0
0,0,0,1.3537057439998534,,,,,,iteration_budget,13562,341,21138,17,20376,13668,random,Narrow_53007,Narrow,RALMultiRRT,8007,exact_geometry_v2,4dda13e00c582b2962c2d2869eb5fe7b1df3790ac21d6190de1e26044f8447c0
1,1,1,0.02932154799964337,1143.5621159352738,0.029692839477327093,0.0019795226318218063,0.03445814800964442,98.0,,447,211,1502,50,0,0,random,Narrow_53008,Narrow,MultiRRT,8008,exact_geometry_v2,bdb7d43897f3942f781d7fb9f0cfa1dea98863d9c64858d3f37f6ca24f88b8df
1,1,1,0.03196227900002668,1161.3285759841874,0.026496492715323727,0.0017664328476882489,0.9684491636050883,100.33333333333333,,515,269,1552,51,0,0,random,Narrow_53008,Narrow,RRTStar,8008,exact_geometry_v2,bdb7d43897f3942f781d7fb9f0cfa1dea98863d9c64858d3f37f6ca24f88b8df
1,1,1,0.036502382999969996,1161.3285759841874,0.026496492715323727,0.0017664328476882489,0.9684491636050883,100.33333333333333,,515,269,1831,75,0,0,random,Narrow_53008,Narrow,RRTStarSmart,8008,exact_geometry_v2,bdb7d43897f3942f781d7fb9f0cfa1dea98863d9c64858d3f37f6ca24f88b8df
0,0,0,0.25418902100000196,,,,,,iteration_budget,14751,130,7429,17,751,0,random,Narrow_53008,Narrow,APFMultiRRT,8008,exact_geometry_v2,bdb7d43897f3942f781d7fb9f0cfa1dea98863d9c64858d3f37f6ca24f88b8df
1,1,1,0.8407305439998254,1109.4773741368094,0.017783516466387463,0.0011855677644258308,7.802985897194464,95.33333333333333,,5751,276,13872,31,12570,7772,random,Narrow_53008,Narrow,RALMultiRRT,8008,exact_geometry_v2,bdb7d43897f3942f781d7fb9f0cfa1dea98863d9c64858d3f37f6ca24f88b8df
0,0,0,0.012645201000168527,,,,,,no_path,418,222,589,12,0,0,random,Narrow_53009,Narrow,MultiRRT,8009,exact_geometry_v2,59ca857bf9df0088be8038b987f5a27673b8cd8804080af8b155ac723469a7c4
0,0,0,0.019824041999754627,,,,,,no_path,461,262,845,17,0,0,random,Narrow_53009,Narrow,RRTStar,8009,exact_geometry_v2,59ca857bf9df0088be8038b987f5a27673b8cd8804080af8b155ac723469a7c4
0,0,0,0.02086176500029069,,,,,,no_path,461,262,969,17,0,0,random,Narrow_53009,Narrow,RRTStarSmart,8009,exact_geometry_v2,59ca857bf9df0088be8038b987f5a27673b8cd8804080af8b155ac723469a7c4
0,0,0,0.35120731399979377,,,,,,iteration_budget,14892,133,7248,22,764,0,random,Narrow_53009,Narrow,APFMultiRRT,8009,exact_geometry_v2,59ca857bf9df0088be8038b987f5a27673b8cd8804080af8b155ac723469a7c4
1,1,1,0.526548719999937,1125.8011680948057,0.018918670900280408,0.0012612447266853604,0.6140726763285898,96.33333333333333,,2691,222,8637,29,7522,4488,random,Narrow_53009,Narrow,RALMultiRRT,8009,exact_geometry_v2,59ca857bf9df0088be8038b987f5a27673b8cd8804080af8b155ac723469a7c4
0,0,0,0.011284070000101565,,,,,,no_path,554,175,376,9,0,0,random,Narrow_53010,Narrow,MultiRRT,8010,exact_geometry_v2,a5b6fb191ccaa1235d7e6d1cc4dc4943a6df22d11f7e0ab9df8c414746574841
0,0,0,0.013856366000027265,,,,,,no_path,577,193,456,7,0,0,random,Narrow_53010,Narrow,RRTStar,8010,exact_geometry_v2,a5b6fb191ccaa1235d7e6d1cc4dc4943a6df22d11f7e0ab9df8c414746574841
0,0,0,0.014027985999746306,,,,,,no_path,577,193,490,7,0,0,random,Narrow_53010,Narrow,RRTStarSmart,8010,exact_geometry_v2,a5b6fb191ccaa1235d7e6d1cc4dc4943a6df22d11f7e0ab9df8c414746574841
0,0,0,0.27662062400031573,,,,,,iteration_budget,14868,144,7236,20,764,0,random,Narrow_53010,Narrow,APFMultiRRT,8010,exact_geometry_v2,a5b6fb191ccaa1235d7e6d1cc4dc4943a6df22d11f7e0ab9df8c414746574841
0,0,0,1.4651148210000429,,,,,,iteration_budget,12795,290,22829,18,21171,14148,random,Narrow_53010,Narrow,RALMultiRRT,8010,exact_geometry_v2,a5b6fb191ccaa1235d7e6d1cc4dc4943a6df22d11f7e0ab9df8c414746574841
1,1,1,0.01679479600011291,1124.270632310537,0.017562965830910274,0.0011708643887273517,1.6165965780506042,96.33333333333333,,277,152,938,33,0,0,random,Narrow_53011,Narrow,MultiRRT,8011,exact_geometry_v2,8b2bfac42bdb66f0ea0712bcf03f594e44e8a5e04028dfa7176ffe187c49c284
1,1,1,0.027517729999999574,1115.4908545606193,0.019458682631412174,0.0012972455087608117,1.387430489052342,95.66666666666667,,346,207,1393,49,0,0,random,Narrow_53011,Narrow,RRTStar,8011,exact_geometry_v2,8b2bfac42bdb66f0ea0712bcf03f594e44e8a5e04028dfa7176ffe187c49c284
1,1,1,0.029357503000255747,1113.6644217043006,0.014278137774515483,0.0009518758516343656,1.387430489052342,95.33333333333333,,346,207,1553,51,0,0,random,Narrow_53011,Narrow,RRTStarSmart,8011,exact_geometry_v2,8b2bfac42bdb66f0ea0712bcf03f594e44e8a5e04028dfa7176ffe187c49c284
0,0,0,0.30174084800000855,,,,,,iteration_budget,13188,229,7837,18,764,0,random,Narrow_53011,Narrow,APFMultiRRT,8011,exact_geometry_v2,8b2bfac42bdb66f0ea0712bcf03f594e44e8a5e04028dfa7176ffe187c49c284
1,1,1,1.0017013630001657,1111.2296864889952,0.021444368983519323,0.0014296245989012882,1.3626785731267699,95.33333333333333,,6357,276,15592,32,14112,9016,random,Narrow_53011,Narrow,RALMultiRRT,8011,exact_geometry_v2,8b2bfac42bdb66f0ea0712bcf03f594e44e8a5e04028dfa7176ffe187c49c284
0,0,0,0.019017837000092186,,,,,,no_path,570,244,651,21,0,0,random,Narrow_53012,Narrow,MultiRRT,8012,exact_geometry_v2,ec338b662fe7182e9751b6042d6a67bace7d5f940f48c3a4a6be950a0c4491ec
0,0,0,0.02304249799999525,,,,,,no_path,591,260,597,8,0,0,random,Narrow_53012,Narrow,RRTStar,8012,exact_geometry_v2,ec338b662fe7182e9751b6042d6a67bace7d5f940f48c3a4a6be950a0c4491ec
0,0,0,0.021192535999944084,,,,,,no_path,591,260,657,8,0,0,random,Narrow_53012,Narrow,RRTStarSmart,8012,exact_geometry_v2,ec338b662fe7182e9751b6042d6a67bace7d5f940f48c3a4a6be950a0c4491ec
0,0,0,0.2727278479999313,,,,,,iteration_budget,14946,134,7412,21,762,0,random,Narrow_53012,Narrow,APFMultiRRT,8012,exact_geometry_v2,ec338b662fe7182e9751b6042d6a67bace7d5f940f48c3a4a6be950a0c4491ec
0,0,0,1.4926798669998789,,,,,,iteration_budget,11346,270,22737,20,20645,12840,random,Narrow_53012,Narrow,RALMultiRRT,8012,exact_geometry_v2,ec338b662fe7182e9751b6042d6a67bace7d5f940f48c3a4a6be950a0c4491ec
1,1,1,0.01744633899988912,1084.9390660302145,0.01675976501154673,0.0011173176674364486,1.0910404418226083,93.33333333333333,,270,157,858,29,0,0,random,Narrow_53013,Narrow,MultiRRT,8013,exact_geometry_v2,a52fede713d932108b3d6b8f02407cd95d0d9334cdac834649130d043a5273dc
1,1,1,0.017929637000179355,1115.143431442491,0.026092958527004745,0.001739530568466983,3.805349656996915,95.66666666666667,,334,209,946,28,0,0,random,Narrow_53013,Narrow,RRTStar,8013,exact_geometry_v2,a52fede713d932108b3d6b8f02407cd95d0d9334cdac834649130d043a5273dc
1,1,1,0.02042368700017505,1115.143431442491,0.026092958527004745,0.001739530568466983,3.805349656996915,95.66666666666667,,334,209,1134,28,0,0,random,Narrow_53013,Narrow,RRTStarSmart,8013,exact_geometry_v2,a52fede713d932108b3d6b8f02407cd95d0d9334cdac834649130d043a5273dc
0,0,0,0.3667093130000012,,,,,,iteration_budget,18468,220,8914,22,1000,0,random,Narrow_53013,Narrow,APFMultiRRT,8013,exact_geometry_v2,a52fede713d932108b3d6b8f02407cd95d0d9334cdac834649130d043a5273dc
0,0,0,1.4085545460000048,,,,,,iteration_budget,12741,355,21671,19,18620,12296,random,Narrow_53013,Narrow,RALMultiRRT,8013,exact_geometry_v2,a52fede713d932108b3d6b8f02407cd95d0d9334cdac834649130d043a5273dc
0,0,0,0.01251135999973485,,,,,,no_path,519,233,550,10,0,0,random,Narrow_53014,Narrow,MultiRRT,8014,exact_geometry_v2,ae7dc79e3fe0b2239a0cd9b2c894f5eb5ecaac2077ebb4565da87bfdbe146b0c
0,0,0,0.022584964000088803,,,,,,no_path,562,273,937,24,0,0,random,Narrow_53014,Narrow,RRTStar,8014,exact_geometry_v2,ae7dc79e3fe0b2239a0cd9b2c894f5eb5ecaac2077ebb4565da87bfdbe146b0c
0,0,0,0.023983733000022767,,,,,,no_path,562,273,1056,24,0,0,random,Narrow_53014,Narrow,RRTStarSmart,8014,exact_geometry_v2,ae7dc79e3fe0b2239a0cd9b2c894f5eb5ecaac2077ebb4565da87bfdbe146b0c
0,0,0,0.29445269499979076,,,,,,iteration_budget,16157,215,8192,24,769,0,random,Narrow_53014,Narrow,APFMultiRRT,8014,exact_geometry_v2,ae7dc79e3fe0b2239a0cd9b2c894f5eb5ecaac2077ebb4565da87bfdbe146b0c
1,1,1,0.7804584649998105,1100.6541175240727,0.019304300754355116,0.0012869533836236745,2.687381157075885,94.33333333333333,,7125,285,13738,35,11336,7144,random,Narrow_53014,Narrow,RALMultiRRT,8014,exact_geometry_v2,ae7dc79e3fe0b2239a0cd9b2c894f5eb5ecaac2077ebb4565da87bfdbe146b0c
